year,month,12045020,13055030,13060010,13060020,13060030,13065020,13070010,13070020,13070040,13070050,13070070,13070090,13070110,13070170,13070180,13070190,13070280,13075010,13075020,13075030,13075050,13080010,13085010,13085020,13085030,13085040,25010110,25020140,25020480,25020700,25020710,25020780,25025150,25025160
1981,1,23.9,64,67,54,39,66,10,12,24,47,46,66,33,27,0,22,65,33.2,44.4,9.243946352,57.5,0,13.6,3.8,52.3,28,70,11,17.8,15,81,25,33.3,35.8
1981,2,43.5,35,102,115,52,61.1,10,14.7,72,21,67,48,62,56,24,8,28,59.1,41,17.98275429,39.4,15,3.3,11.4,7,22,85,38,91.4,48.54462037,15,60,88.2,107.4
1981,3,14.9,133,33,35,46,26,0,48.7,25,48,91,17,42,13,79,30,76,22.8,16.2,28.56440791,19.9,5,11.7,71.1,6.6,97,58.24956307,21,98.4,65,38,177,41.9,40.2
1981,4,202.3,147,149,134,223,127.6,85,144,97,89,166,58,137,39,106,49,59,83.6,70.5,74.9,186.3,107,85,68,82.6,109,208.394503,98,228.9,218,253,403,281.4581368,174.8
1981,5,312,234,225,340,343,255.6,365,281,478,395,527,307,293,354.7,431,394,360,222.1,243.7,368.6,369.3,144,215.7,207.7,257.5,418,369.0593181,184,471,318,431,894,444.7776064,236.8
1981,6,118.6,258,91,113,104,114.6,138,239,149,206,168,171.0373109,196,108,152,73,143,169.9,158.7,143.4,100.1,87,215.1,261.4,207.1,112,239.2083974,178.1023244,429,170,205,684,360.9,252.8
1981,7,175.6,155.8761313,84,146,183,129,217,193,246,216,249.5,219.0596459,147,196,150,240,211,216.6,146.9,190.2,246.9,228.5,194.3,117.8,251.7,141.4,295.9090129,202,474,294,278,553,354.8,408.3
1981,8,208.6,237.6701433,367,243,194,389,332,293.4827676,266,181,273,295.3184737,281,254,232,214,365.2,275.1,198.4,183.3,199.6,167,345.5,300.8,288.4,182.2,271.7877928,190,492,283,378,356,438.4,351.8
1981,9,367,251,338,313,277,260.8,223,99,230,263,253,314,104,220,340,183,373.5,113.9,203.4,258.7,199.4,321,168.9,89.4,207.5,285.9,324.2583167,74,109,293,236,382,287.1,404.2
1981,10,201,81,108,60,134,116,307,176,127,75,57,84,116,155,95,149,150,168.4,125.4,89.5,119.6,152.5,226,166.6,295.8,83.1,195.1842233,222,444,310,128,522,266.2,255.9405315
1981,11,102,164,68,72,70,35.6,168,181,131,122,96,162,148,97,47,40,110,86.9,93.5,88.7,106,73,39.9,71.2,165.5,54,129.1659623,92,370,66,70,560,205,112.5
1981,12,122,34,9,33,31,22,33,51,10,30,66,25,11,54,50,31,105,32,86.3,78.1,35.9,98.5,28.8,24.1,26.6,76,98.40963835,18,144,121,89,176,104.8,51.7
1982,1,38,74.7,58,78,78,68,77,41,28,48,19,44,36,36,17.34565132,27,58,5,29.5,24.4,57.2,49,34,8,13.2,0,22.80780352,42,36,28,31,155,30.2,27.3
1982,2,0,66,39,18,63,9,3,112,17,35,30,36,28,17,11.76998892,15,18,12.5,11,10.9,17.9,61,0,44.6,9,6.2,39.34180338,16,86,49,46,30,43.1,41.8
1982,3,0,0,9,14,67,0,32,5,20,5,15,34,33,31,14,59,16,21,61.5,24.4,1,20,4.5,69.5,2,0,16.32989317,177,8,0,0,25,3.8,13.4
1982,4,144.2,148,127,150,167,124.2,207,132,178,218,209,155,148,111,319,135,168,78,120.1,170.9,149,123,244.5,152.9,196,49,295.4260351,198,374,388.5,74,30,231.1,292
1982,5,412,99.2,120,176,276,155.3,260,277,161,87,106,261,179,175,129,97,78,212.5575784,100,115.6,85.6,209.5,313.1,293.2,388.2,143,285.2575613,218,375,151,325,639,171.5,250.9
1982,6,234,164.555523,72,160,192,164.5,213,318,83,133,294,112,112,107,78,72,97,162.6608073,54.4,134.5,178.5,134.5,211.7,233.3,256.9,244,225.0171436,198,162,202,167,45,209.9,205.7
1982,7,182.1,210.8898558,217,301,266,232.1,121,104,197,276,237,225,226,284,283,229,297,208.6,267.3,178.4,152.7,209,157.2,150.6,71.4,259,376.2817583,200,442,322,401,247,327.2,362.9218036
1982,8,132.2,174,178,272,147,197.2,176,204,154,130,150,98,186,179,169,102,131,175,90.3,92.3,110.5,117.5,183.2,159.2,162.4,143.4093265,270.9049311,119,304,495,266,555,297,441.9
1982,9,171.8,94.4,92,199,196,118.9,344,305,58,51,278,66,254,165,107.1,149,231,211,196.2,128,180.6,115,238.9,138.5,297,203,362.13563,313,302,473,359,883,510.5,398.6
1982,10,352.6,276.5,179,220,201,130.5,161,203,170,177,267,24,105,273,144.6,146,154,139,177.3,140.7,111.8,230.5,161.5,178.7,154.7,195.3,257.455154,147.1,398,331,196,431,236.2,197.4
1982,11,197.2,53.3,67,41,5,54,99,61,27,23,107,18,96,50,65,68,101,56,29.7,8.1,44,106,34.3,41.4,70,71.91089085,79.96103283,45,257.7,23,120,323,211.5,32
1982,12,0,1.4,13.90809315,0,0,5.9,10,5,0,0,0,0,0,0,0,0,0,11,18.5,0,0,0,0,0.3,0,0,11.92586514,0,2.3,6,0,0,2.4,0
1983,1,0,0,8,0,0,0,0,0,0,0,4,0,3,0,0,2,7,12,0.7,0,1.7,0,0.2,0,0,0.256276272,0,15,6,1,16,0,0,1
1983,2,4.6,16,70,40,17,64.8,25,25,17,0,14.25768698,0,37,19,19,36,12.5,10,52.3,45.7,23.1,43,9.3,43,22.2,10.39244856,14.68330754,45,23,19,55,80,21.78892778,53.3
1983,3,8,0,1,11,0,29.7,10,0,73,25,0,17,106,31,40,0,25,15,12.5,0,2.2,20,33.7,0.5,18,19.06389986,16.67396181,0,19,19,2,62,7.051595742,9.9
1983,4,83.4,183,113,184,73,120.5,124,75,33,138,93,148,148,181,98,124,153.5,100,169,95.7,171.8,163.5,161.4,103.3,108.3,115.0832686,126.7280021,246,173.5,124,148,327,173.8,98
1983,5,40.9,161.8,127,186.3,153,146,181,258,301,331,291,276,382,188,253,271,301.5,239.6,206.7,306.7,154,294,136.3,158.1,187.6,237.807665,280.8228321,220,281.9,186,274,271,372.8,393.5
1983,6,134.5,147.7,158,194,103,216.2,171,90,200,218,191,57,48,151,124,113,191,80,106.3,165.8,115.7,133,175.8,181.3,211.2,139.1754546,315.0102504,241,371.5,203,187,424,319.5,364.3
1983,7,158.9,107.5,145,163,213,163.2,150,204,132,84,134,134,191,102,79,112,138,149.2,104.3,76.6,91.5,96,181.6,162,142.6,99.48524748,314,203,479,378,307,678,431.8,322.1
1983,8,161.7,161.8,160,142,178,103.2,174,245,123,165,157,273,387,176,163.3,82,137.5,187,129.7,75.9,167.6,78,118.5,134.7,194.2,156.121394,134,197,486,384,266,530,424.0032702,328.2
1983,9,284.7,157,170,146,140,239.5,256,207,313,159,429,138,178,149,213.1,134,132.5,156,296.5,117.3,149.4,213,195.9,182.8,238.9,177.61054,305,109,554,286,251,269,407.6771211,447.4
1983,10,75.2,178.2,181.9995572,177,233,137.3,150,53,140,225,375,333,130,272,183,255,165,52,142.2,224.1,332.9,163,128.3,132.0203603,201,201.3266428,188,40,312.6,164,160,327.8274835,148.5,349.4
1983,11,66.3,98,81.43287116,49,76,43.7,176.0252833,59,83,84,133,47,205,23,88,14,97,21.4,98.2,62.9,118.5,137,197.1,130,136.8,84.76660734,150,153,150,61,84,292,184.7042612,122.8
1983,12,53.4,15.8,48.76557925,56,64,43.3,68.65303993,24,22,13,38,21,0,30,35,29,4,53.3,40.1,3.3,12.7,40,81.5,9.2,169.6,26.88794763,251,56,128.3,61,94,288,124.8619705,77.1
1984,1,32.4,25,32,29,12,62.1,0,17,19,34,30,34,133,20,26,0,7,59.9,10,41.8,0,20,11.5,34.5,1,0,13.6369857,32,108,22,8,161,27.3,6.2
1984,2,20.7,34.9446902,108,58,48,39.8,13,125,40,41,14,6,135,48,13,65,10,34.3,78.5,16.2,0.2,65.5,33.5,45.1,35.3,0,74.31649711,113,115.4,102,68,38,148.1,86.5
1984,3,1.5,0,16,4,8,6.9,3,13,55,12,10,52,29,35,55,10,9,20.3,21.7,5.6,1.2,30,13.68603574,38.5,7.3,0,6.58889683,55,2.5,1,0,6,0.3,2.9
1984,4,121.4,84.7,99,87,204,113,64,183,114,187,112,107,95,107.5,107,138,104,86.2,120.5,124.2,55.6,96.5,73.5,85.1,66,26,86.37055763,201,149.8,34,98,22,84,98.6
1984,5,179.6,104.2980095,201,127,120.6,246.4,83,140,193,107,109,121,121,118.5,241,168.3,79.5,64.8,84.1,125.9,133.2,108,122.2,155.4,42.9,38,205.5,111,221.6,150,109,387,218.7,255.8
1984,6,134.8,112.8,187,180,243,254.8,321,282,152,218,180,112,80,216,167,155,146,188.5,218.7,174.4,128,186.5,282.2,299,222.6,81.6,327,126,618,271,312,661,387.6,438.9
1984,7,190.4,103.2,228,337,220.2,191.4,338,261,188,213,227,192,260,230,253,240,170.5,136.7,283.4,191.7,95.7,225,385.8,134.5,335.8,56.3,271,190,434.9,310,258,793,544.1,425.1
1984,8,119.9,103.2,96,75,308.4,244.3,243,283,146,106,126,114,132,129.5,159,103,72,176.5,169,149.3,72.9,115.5,219.7,220.8,208.6,71.2,372,138.5,380.5,350,248,340,361.8,456.7
1984,9,122.1,138.8,262,258,347,219,298,270,308,283,231,262,270,355,220,207,316,250.6,191.3,156.1,269.5,180,150.9,175.4,249.1,154.4,289.5,237,441.1,237,351,370,338.5,178.3
1984,10,261.5735943,163.4,162,184,300.6,277.4,365,331.3,144,269,143,275.3127408,121,226,108,278,271,283.5,100.9,155.4,216,290.5,389.1,274.1,473.6,159.5,156,233,443.1,229,172,137,245.2,293.5
1984,11,330.5,91.2,66,95,82,68.4,188,103,90,80,121,29,127,151,163,84,47,94.5,46.9,54.6,91.6,190,119.7,145.4,182.4,35.6,123.5,125,317,100,95,161,134.3,151.9
1984,12,0,0,0,8,10,2.7,0,0,10.67267361,12,0,6,0,0,0,5,0,0,6.4,0.6,32.4,0,0,0.5,0,0,1,35,33,0,18,20,2.1,12.8
1985,1,0.7,0,0,1,0,0,0,0,0,0,0,23,0,0,0,5,0,2,12,0,0,10,0,0.4,0,0,3,40,0,0,5,0,5,0
1985,2,0,0,0,21,83,14.1,0,0,1,0,0,0,0,0,0,0,1,26.7,4,0,10.5,0,0,0,0,0,28,0,0.3,17,0,0,1.8,5.3
1985,3,0,9.151473428,17,0,2,20.7,7.749485234,0,3,5,7,0,11,24,11,55,29,12.1,32.2,16.2,0,10,1.1,0,2,16,90.5,5,23,11,28,30,49.2,42
1985,4,0,2.99863355,44,45,31,31.4,0,3,19,22,13,20,50,60,14,53.5,53,20.6,31.9,33.6,40.4,51,3.2,5.7,0.3,24,96,46,19,15,40,60,59.7,41.1
1985,5,102.5,184.3,197,151.4,194,160.4,117.040626,153,143,280,231,72,109,198,174,135,116,120.8,149,193.6,223.6,185,167.6,164.2,154.1,180,425,116,277.5,251,146,249,169.3,224.2
1985,6,155.6,160.1,205,203,399,180.2,99.5,262,162,163,96,127,153,169,177,151,157.7,238.4,211.1,113.2,105.9,158,135.3,182.1,150.9,16.9,385,186,187,322,281,318,273.1,347.3
1985,7,173.9,122.5,135,247,175,191.1,127.5,79,170,191,166,91,190,252,141,193,143.1,103.5,256,176.5,154.2,207,227.7,122.3,173.2,81.8,366,230,470.7,558,359,517,497.2,446.8
1985,8,221.9,106.3,162,248,263,189.7,299,152,312,184,190,62,209,307,422,323.5,117.3,242.9,260.2,216.8,266.5,327,226.5,187.2,261.1,196.9,224,256,170,283.5,306,394,390.1,280.8
1985,9,176.3,237,123,301,170,209.4,218,224,190,295,241,326.7655394,292,263,166,354,276.4,180.6,282.2,340.9,283.7,247,280.7,201.7,271,319.2,259,376,320,247,312,515,387.1233957,397.1
1985,10,505.6,235.6,56,102,101,124.5,421,61,141,116,150,431,46,152,107,162,49.5,187.2,92.6,99.5,125,162,262.4,199.9,334.7,134,89,150,459,96,292,565,370.3543752,231.7
1985,11,122.8,115.5,56,109,151,166.9,186,46,76,73,140,287,61,166,64,168,135.5,41.7,94.5,110.7,131.7,62,135.5,75.6,180.3,198,100,131,174.2,93,48,138,50.7,60.2
1985,12,95,68.6,35,12,13,21.6,62,76,9,58,13,48,47,51,24,60,41,12.7,13.7,42.9,19.9,33,57.2,65.5,70,29,17,45,115.1,10,72,220,158.9,123.1
1986,1,42.5,0,6,15,0,3.4,0,2,0,2,0,11,9,13,0,0,2,3.3,11.3,0.5,16.3,5,0,31.3,0,0,27,10,0,0,5,0.74051035,22.5,1.8
1986,2,1,32,71,74,107,29,30,24,15,16,17,0,94,0,33,5,22,22.8,1.8,5.5,35.2,0,35,0.3,0,27,3,8,50,4,110,9.587011282,95.4,23.6
1986,3,3.4,0.2,5,33.5,31,13,2,25,10,8,40,37,0,0,0,40,0,3.5,6.2,0.4,11.8,0,2.9,1.4,0,11,53,18,5,39,4,20.43533111,52.9,59.9
1986,4,64.7,79.3,65,100,196,63.2,19,134,96,75,132,43,154,189,34,42,83,121.3,188.1,129.2,76,113,45.5,88.1,21,135.7,186,82,215.4,83,207,153.9526171,117,0.8
1986,5,61.1,188.8,249,276,203,309,63,155.1,113,128,115,149,276,160,78,191,107,92.3,179.1,99.8,152.8,173,113.2,81.5,59.6,69,120,292,191.6,170,18,179.1755101,109.8,198.1
1986,6,113.5,225,212,207,206,193.5,129,238,209,157,161,75,265,235,116,147,192,133.9,192.3,117.9,134.5,123,118,87.3,114.2,143,366,115,347.5,108,331,253.8856275,19,276.4
1986,7,97.9,121.8,105,164,80,132,110,124,103,109,108,81,59,104,111,123,117,153,114.6,122.5,136.3,116,123.8,135,104,161,190,66,360.3,83,266,245.6675881,294.1,224.1
1986,8,132.6,189.7,271,190,87,94.2,102,68,117,100,131.2,51,165.5,83,104,68,157,91.3,76.9,124.5,168,100,70.7,117.1,121.5,113,169,54,232.8,107,134,247.9472772,152.1,209.7
1986,9,64.8,114.2,118,189,297,92,240,115,134,119,236,117,121,129,73,110,187,115,118.8,176.7,211.8,183,74.7,141.1,155.9,100.4,207,225,221.1,80,247,265.7434757,260.9,144.5
1986,10,212.8,175.8,159,217,151,181.2,70,111,145,169,152,314,246,160,91,170,118,130,117.6,136,168,102,147.3,134.1,214.8,270,266,286,508.1,270.5063626,293,345.5413413,213,284.9
1986,11,44.2,133.1,65,45,128,34.8,3,122,87,58,74.3,143,159,119,83,55,78,74.83868624,75.8,78.8,27.3,103,63.2,78,21.5,75,120,33,219.6,112,90,133.6071562,79.3,160.5
1986,12,11.3,2,17,38,45,7.5,21,21,13,4,8,47,33,53,0,30,29,5.2,35.3,7.3,2.1,25,11.3,25.4,4.1,6,21,30,66.5,20,37,22.51516092,29.2,38.5
1987,1,19,13.5,22,34,49,26.8,10,8,0,8,4,20,13,4,44,0,7,1.3,23.3,1.4,7.5,10,16.5,0.5,18.2,10,87,25,10,2,40,34,79.6,23.4
1987,2,1.281535993,15.1,28,44,25,7.4,0,36,0,3,0,14,0,10,1,3,0,0,6.1,0,0.9,0,4.6,0.3,2,0,20,18,30,100,55,11,44.1,37.3
1987,3,0,0.2,0,14,10,21,0,0,0,0,0,0,32,8,2,13,0,1.6,10.5,0,14.4,0,0.2,0.7,0.7,0,5,40,6,9,0,3,12.5,4.9
1987,4,296,159.8,239,241,91,144.2,187,105,237,166,233,135,269,225,202,226,368,88.2,281.7,198.7,186,171,73.1,123.1,205.9,216,164,267,286,219,284,150,305.6,176
1987,5,483,261.4,183,170,125,96.2,373,165,202,199,157,286,223,145,72,223,191,139.8,198.9,152.7,199.8,174,195.3,117.5,320.1,111.9,213,59,318.2,229,294,277.6473659,302.3,350.8
1987,6,125.7,87.9,50,60,120,105.5,101,116,211,135,37.6,48,54,46,105,41,37,143.4,122.4,72.9,30.1,73,79.5,72.3,124.4,74,126,188,262.1,42,178,176.9455971,122.1,222.4
1987,7,202.5,178.3,169,189,264,258.8,268,150,247,202,346.7,244,271,231,129,204,202,197.2,283.7,192.1,211.6,237,222.1,108.1,262.3,241,231,240,274.5,98,487,521,223.7,262.5
1987,8,96.2,172.8,141,254,195.3,308.7,256,110,244,154,249,193,211,223,222,237,109,174.1,256.5,184.8,143.5,211,158.7,104.2,223.7,222,528,158,374.6,242,338,438,430.4,361.8
1987,9,155,124.8,20,161,160,118.1,253,214,212,203,178,228,141,176,167,238,236,259.9,220.1,168.1,177.7,115,132.6,148.6,183.7,202,269,190,299.4,262,181.0488097,270.4015333,240.6,272.8220239
1987,10,259.2,46.1,117,118,152,66.9,330.3,182,54,214,248,163,72,137,117,130,80,95.8,142.8,117.9,211.9,77,267.1,320.4,325.5,136.0821418,149,213,195.1,188,280.2754072,356,361.1,295.4
1987,11,182.9,174.1,138,93,90,135.9,178,207,119,31,138,162,97,104,133,21,102,254.6,168.8,111.6,67.9,180,215.3,257.4,160.7,114,181,98,190.4,122.4,210.5781103,79,311.1,186.3
1987,12,110.3,75,36,26,70,61,96,45,11,39,57,42,96,61,28,5,79,70.7,51.2,79.2,82.8,78,154.1,96.8,72.6,142.6,55.73758136,33,71.6,19,42.3128726,46,58.5,28.7
1988,1,0,0,0,7,5,0,0,0,0,0,0,0,0,4,0,0,0,7.9,3.499967787,0,0,2,12.78799462,0,0,1.80606748,0,0,2.1,0,10,0,0,2.6
1988,2,4.9,8.3,22,62,26,15.4,0,5,0,0,54,0,17,0,0,0,17,4.5,2.795358415,1.5,19.3,0,10.70680953,0,0.1,4.257739933,4,14,6.7,13,0,6,7.8,5.8
1988,3,0,0.2,0,0,5,0,0,0,6,4,12,7,0,10,3,10,23,31.2,6.09539407,0,6.3,0,10.55472173,0,0,0,56,18,0,5,0,0,0,0
1988,4,114.8,119.2,138,110,181,32.2,22,47,171,125,139,147,156,189,22,113,194,95.8,100.3396409,73.9,198.3,151,51.19792886,73.2,104.4,89.25696746,130,139,118.8,58,149,93.95238754,179.7,105.2941001
1988,5,165.2,189.8,209,139,212,119.2,221,232,236,141,80,98,82,103,224,143,25,214,109.0630364,62.5,106.5,270,134.9824389,140,136.4,115.0933123,339,135,358.9,167,219,212.2667747,215.8400981,369.9
1988,6,208,169,197,131,172.0319083,116.3,179,194,155,105,194.8,217,250,329,125,188,222,72.1,157.0390747,225.4,171.7,138,171.9611871,148.5,198.9,171.0084162,318,158,381.8,313,225,338.8903282,273.2309413,264.4
1988,7,234.4,153.1,248,260,244.7820687,139.5,241,190,233,175,312,320,270,240,171,229,191,181.7,173.7152096,227.8,144,174,212.096037,201.5,258.2,179.0625671,314,172,203.6,200,352,418.2874051,495.6,362.6
1988,8,228.7,171.3,291,387,306,184.5,189,231,236,285,258,536,262,432,167,310,377,180,258.3,311,247.3,372,232.3559705,176.3,193.9,274.0180042,396,317,198.7,439,637,415.1293382,446,513.6
1988,9,208.4,205.4,209,248,257,158,143,297,352,377,296,535,229,250,242,222,281,284,218,398.5,226.2,221,186.5824942,234.4,228.1688475,321.1,265,390,408,531,337,196,359.3,305.3
1988,10,314.2,104.8,93,186,66,239,211,170,134,136,150,317,148,223,182,136,231,103,185.5,117,131.3,185,184.382399,114.5,150.2624045,121.0919098,132,115,174.2,243,210,251.0705698,233.8,345.7
1988,11,266.7,39,229,192,137,160.3,149.5,137,206,176,241,250,219,150,115,163,161,205,72.7,169.1,205,61,178.999935,139.1,77.4,156.1231713,214,43,549.9,311,207,242.2454852,253.6,327.8
1988,12,121.4,7,14,77,87,51.6,1,58,55,51,67,272,92,65,39,55,40,73.2,87.8,59.5,28.6,53,24.71620954,91.7,8.7,41.27184018,45,30,69.3,48,25,79.52466678,69,70.7
1989,1,2.3,13.12728741,20,0,31,33.5,1,5,7,4,23,18,17,13,0,2,0,27.7,6.1,10.13111858,5.6,0,14,8.1,3.4,2.5,4,30,3.1,20,0,18.35987266,16,33.8
1989,2,27.2,0,5,90,30,2.5,0,1,29,37,38,47,21,92,21,64,57,20,49,8.506671124,64.2,6,6.4,5.3,0.3,39,23,0,0,0,0,0,1.9,27.5
1989,3,43.5,70.2,76,103,62,67.3,7,102,29,66,93,46,27,17,27,22.5,21,31.9,10.5,32.24588541,139,49,66.2,13,35.7,32.67095337,4,95,0,68,128,37.90403499,58,32.5
1989,4,1.1,10.9,83,18,53,76.6,0,14,35,0,12,19,40,13,0,5,36,48.2,18.9,23.17508874,11.3,27,1.8,11.1,0,25.00068777,113,50,57.35260881,101,38,50.2104524,91.1,107.1
1989,5,306.5,176.1,221,129,185,210.2,33,37,311,217,280,318,296.9,287,193,325,316,135,184.9,242.8735493,174.8,206.5,111.1,168.3,25.4,233.6784686,220,71,336.6432097,324,347,284.9263675,383,322.4
1989,6,117.4,57.9,252,373,133,231.3,48.5,225,186,241,184,314,196,115,82,165,96,214,159.5,158.5499755,129.1,204,124.6,92,138.9640766,171.4,191,72,180,337,156,479,264.4,399.3
1989,7,133.6,109.2,74,228,172,66.3,175,177,258,179,183,133,165,216,222,165,153,139.7,219,168.938803,145.1,173,196.2945119,205.1,60.5,129.6,222,152,569,213,266,350,364.5,297.4
1989,8,247.5,132.9,181,201,197,223.6,202,127,153,193,149,233,245,181,191,119,181,148.2,118.4,177.6233906,124.2,260,269.6,168.4,180.8,98.4,171,214,357,157,475,344,284.8,298
1989,9,271,202.8,300,292,179,137.2,227,306,221,280,300,336,220,459,221,436,319,171.8,162.6,273.9170089,335,268,203,233.8,256.8,252.9,263,260,396,203,470,294,282.5,355.7
1989,10,227,126.7,153,222,224,138.2,319,163,331,295,280,398,293,425,367,281,394,213.2,240.9,249.8378716,265.6,183,291.2,126.3,227.5778033,260.8,182,177,487,397,506,491,386.2,378.4
1989,11,210,13,45,58,151,67.9,145,135,92,74,83,398,156,134,135,142,54,91.1,71.5,103.7302223,65.7,164,104.5,102.2,118.8,81.9,123,193,238,121,41,222,65,125.2
1989,12,3,4,0,86,120,107.3,22,42,6,27,29,60,15,40,37,30,0,21.6,49.8,17.25276303,8.8,0,31.6184583,32.4,20,22.4,54,0,36.3,25,21.38144397,29.37923824,39.9,57.5
1990,1,7,0,47,47,45,28.2,0,15.37146248,19.34030692,17.15111683,9.925242612,10,30,0,0,0,0,29.8,15.4,8.004975448,3.2,0,14.00240846,16.81782673,8.998291568,5.6,17,26,34,6,47,8,18.3,1.7
1990,2,2,0,20,20,37,27.9,0,24.74240033,17.86565748,15.33196969,20.04941083,43,91,13,0,22,15,3.8,17.8,13.21750628,8.4,0,14.98400268,21.35754862,5.595579031,31.8,46,17,0,98,49,3,0,71.4
1990,3,0,0.8,72,72,34,21.4,0,17.88617908,19.16017615,18.39814885,13.68164108,9,69,20,2,7,6,28.1,19.9,13.11369989,6.9,0,10.28740624,15.77675422,0,39.4,106,23,94.9,205,35,56,78.7,119.3
1990,4,31,18,140,140,142,78.7,208,87,145,94.45896529,130,141,115,128,16,114,60,171.9,51.5,77.2,85.1,104,60.7178213,180.4,88.4,101.9209291,139,210,131,235,109,159,164.4454395,63.4
1990,5,210,177,255,255,349,199.5,117,192,382,237.4100018,88,336,211,272,209,222,143,284,374.5,198.7,216.6,147,166.5067083,178.9,207,265.4,314,222.3,321.2514279,407,421,218,233.7,381.2
1990,6,186,217,161,161,104,173,218,176,141,201.8694563,170.2,164,173,310,66,275,198.2,50.2,80.9,205.9,265.3,121,160.4164494,116.6,180.8,209.6704784,154,81,257.9788341,185,259,212,293.6,283.3
1990,7,160,95,26,26,43,71.9,84,110,99,155.0050353,143,157,176,229,136,198,182,82.8,70.2,104.6,150.9,217,110.7699454,138.7,149.8,58.7,197,108,277.1557248,55,224,298,249.9990567,260.9
1990,8,91,194.131286,209,209,76,9.1,184,281,205.7962568,176.1010641,196,161,236,215,113,127,147,151.5,258,173.1,166.6,191,180.7231706,151.7,202.3,184.8,280,295,707.3,279,420,628,458.8178759,300.7
1990,9,178,208.4243589,236,236,172,11.7,200,306,281,236.71869,152,202,202,209,192,277,217,121,253.8,263.8,294.3,182,257.9134105,291,317.7,272.5,195,218.310856,409.4,384,130,330,300.8424734,190.6
1990,10,271,168.6279284,349,349,269,231,173,180,207,152.338408,196,327,295,186,172,219,301,94,295.7,150.3,155.5,99,187.0495554,151.7,167.2,231.2,193,186,236.2,185.6,172,158,241.5,300.4
1990,11,106,141.7885457,133,161,187,164,158,84,78,122.194299,175,275,204,193,90,124,149.010624,69.5,116.4,83.6,109.4,143,169.9420326,272.1,101,77.2,298,105.8418167,239.6,61,88,356,290.2,76.9
1990,12,44.8,59.53869432,84,99,47,16,30,2,44,44.52241394,59,99,18,42,43,124,56.35995338,99.2,29.5,56.9,50.9,5,71.2889346,77.2,85.1,73.3,29,6,40.5,8,30,42,61.9266498,71.4
1991,1,0,0,2,2,5,0,0,0,0,8.643372758,2,12,0,0,14,0,0,0,0,0,5.1,6,1,0,0,0,3,0,0,0,0,0,0.4,6.3
1991,2,1.9,0,0,0,110,0,0,0,27,6.06008858,14,18,0,16,5,0,30,15.4,0,14.7,23.5,0,10.67196279,0,0,12.5,41,5,38,2,0,5,0,75.5
1991,3,2.1,3,31,31,68,3,0,0,36,29.58960205,59,22,18,22,18,30,0,43,0,68.6,18.9,83,10.0791204,4,1.7,31.7,63,0,56.8,60,4,11,28.61218553,121.7
1991,4,24.6,151,135,135,136,149,256,22.8,128,109.8150041,128,127,216,114,34,139,103,141.5,113.3492717,163.2,105.3,103,116,145.7,46.9,190.2,107,58.5,365.2,153,216,184,166.9331159,159.3
1991,5,331.6,293,248,283,334,293,30,231,235,265.9274326,294,373,290,263,332,245,226,213.526373,281.3,263.1902947,209.6,274,235.6,238.1,235,226.7,195,280,385,244,224,297,317.9393444,378.8
1991,6,141.5,212,173,173,148,212,185,127,127,178.5630579,251,291,150.4,242,85,170,206,112.7,99,129.9,202.8,104,196.9,132.6,169.2,217.6,199,123,255.5,31,187,226,204.6183887,222.2
1991,7,165.4,199,112,112,90,197,242,157,80,117.1933237,106,105,66,142,105.8942145,131,78,120,76,102.8,92,112,132.7,129.4,114.3,96.9,160,113,357.5,39,295,252,273.2511856,221.5
1991,8,183.9,151,193,245,142,157,208,146,80,163.970106,107,288,238,159,139.9369772,133,121,194,262.3,119,141.9,65,222,129.4,206.6,117.6,345,250,473.6,87,76,280,290.9217294,344
1991,9,322.7,130.5,137,129,144,133,157,124,109,142.4246749,118,97,240,116,194,99,117,87,100.7,138.2,125.7,97,104.7,162.3,248,120.2,219,130,335.5,53,199,170,271.5797931,279.1
1991,10,114,71.7,108,168,237,80,185,157,131,97.50768551,142,170,165,103,135,103,82,147,138.2,104.2,97.3,88,198.3,133.6,110,102.7,253,199,413.9,153,209,319,313.8714991,232.8
1991,11,215,32.9,67,67,60,67.59446428,31,5,64,73.74154397,79,184,115,58,44,221,38,70,53.8,75.2,69.5,59,113.3,114.3,97.3,72.1,104,41,434.5,193,109,214,271.8999733,204.9
1991,12,27.4,39,29,38,44,24.73853064,0,36,43,36.24150049,35,15,89,13,53,35,66,20,77.5,27.8,42.3,48,38,6.8,6.5,37.8,17,64,116.6,150,0,20,64.7,10.4
1992,1,1.6,20.2,0,0,27,6,0,0,23,11,20,0,0,0,0,0,0,5.6,0.5,0.4,31.3,0,12.4,0.7,5,5.3,13,0,0,4,30,0,2.4,6.7
1992,2,0,0,5,5,0,0,0,0,0,0.7,0,0,0,0,0,0,0,9,3.3,0,0,0,0,1.8,0,4,0,35,0,0,0,0,0,4.6
1992,3,0.3,0,25,0,2,10,0,0,0,0,7,0,0,0,0,0,0,0,5.6,3.9,0.3,0,0,0,0,0.8,10,6,0,0,0,0,0,8.5
1992,4,55.8,28.9,154,154,111,135,159,86,53,45,43,30,111,88,187,58,120,104.9,93.7,29.8,35.8,89,174.8,147.3,87.8,39.4,94,99,194,37,193,136,62.3,97.9
1992,5,217.4,80.2,152,249,171,155,96,48,137,155,189,177,243,166,84,164,99,109,216.2,172.5,181.9,91,127.9,74.7,75.1,185.2,267,225,329.9,201,317,380,254.7,276
1992,6,89.2,150.8,59,59,63,115,196,72,138,136,136,89,110,288,115,161,92,61,163.9,114.7,104.3,110,113.2,121.6,220.6,215.7,138,44,318.1,328,296,199,204.4,167.2
1992,7,224.5,123.5,194,194,137,181,203,155,201,244,184,117,230,212,160,232,77,148.4,235.5,200.5,195.3,155,183.6,130.6,229.3,190.8,231,253,377,375,435,462,604.7,422
1992,8,302.6,142.6,167,172,249,128,250,253,172,178,153,323,148,214,252,202,217.5202178,209.3,167.9,139,159.3,291,138.3,120.2,231,141.9,170,248,381.7,265,431,336,413.2,378.4
1992,9,379.3,146.3,137,137,153,157,181,229,212,221,151,219.2,118,140,166,56,194,203.7,234.5,160.3,168.9,165,215.6,132.2,178.9,180.8,166,198,166,243,266,223,425.9,163.5
1992,10,191.7,84.5,132,132,106,56.4,181,106,134,205,151,140,122,105,144,183,123,98.4,201.1,155.2,129.6,133,173.2,93.8,153.3,172.1,230,84,371.6,24,95,199,70.5,194.9
1992,11,165,124.2,101,101,65,52,63,126,72,71,104,198,91,89,111,79,105,43.6,95.3,120.7,95.5,70,27.5,47.1,125,108,107,95,270.4172567,81,82,210,288.8,201.5
1992,12,19.8,31,9,11,14,10,6,21,73,20,0,41,2,26,18,20,48,28,26,1.2,15.7,38,22.1,18,12,1.2,59,5,74.20836357,22,0,7,16.6,71.2
1993,1,60.2,90.2,86,86,155,159,76,26,69,29,33,0,35,35,7,25,50,112.5,22.1,38.8,38.7,36,100.6,47.9,32.6,21.3,28,0,45.04730287,79,0,3,51,74.6
1993,2,0,0,1,1,0,0,0,10,0,0,0,19,0,0,0,0,0,3.5,72.9,0,0.8,0,0,0,0,0,10,34,0.324641979,4,0,0,0,0
1993,3,9.4,96.9,152,152,137,80,48,41,51,69,25,128,79,76,57,95,88,26.3,76,24.1,65.7,0,75.1,47,26.7,30.2,130,108,99.76308287,114,160,139,108.5,99
1993,4,98.6,178.1,45,161,215,142,41,130,139,56,48,36,37,20,88,82,24,68.6,40.3,70.1,56.4,84,38.1,88.6,40,76.2,81,67,197.3525627,80,153,251,243.8,92
1993,5,189.6,111.5,96,168,224,128,157,168,198,125,105,137,88,153,163,188,101,211.2,247.5,115.4,66.7,236,244.2,175.5,169,117.9,180,32,376.6095864,282,166,459,336.1,252.4
1993,6,239.8,102.9,176,176,33,69,152,191,124,110,191,93,226,191,142,256,158,403.1,158.9,161.9,265.4,198,208.6,170,232,147.1,167,197,216.6,120,294,238,284,245.6
1993,7,91.3,190.6,140,140,184,256,139,118,101,109,188,204.2616611,176,160,165,177,240,113.8,100.9,144.2,200.5,195,136.4,117.8,123.3,175.4,399,76,383.9,130,204,307,288.2,356.9
1993,8,173.6,166.7,120,127,282,118,186,156,208,140,205,223.3807867,197,262,93,136,206,114.3,145.4,186.1790818,243.1,282,126.9,133.9,127.3,206.3,175,164,487.7,263,190,581,304.8,259.9
1993,9,223.4,154.1,202,202,261,228,227,259,296,246,302,270.2546157,169,226,190,240,289,186.8,192.9,232.1,271,310,258,179.9,267.8,312.1,257,179,282.3,206,275,241,190.6,428.7
1993,10,138.2,296.2,195,195,107,247,90,58,192,77,133,194.3932937,225,156,156,68,85,144.3,118.1,123.6,153.4,184,140.1,211.6,140,102,175,145,365.1,136,241,218,330.6,198
1993,11,207.6,68.5,198,202,141,95,225,133,45,58,128,121.751792,180,124,140,139,170,68.1,112.9,75.9,77.8,66,100.3,103.3,199.5,65.8,342,150,282,137,171,221,219.3,298.9
1993,12,19.8,14.6,10,10,10,6,37,0,24,6,0,152,90,17,10,9,15,8.1,34.4,1.9,6.2,6,23.8,18.5,34,7.9,168,36,47,0,90,8,27.5,88.61529868
1994,1,5,29,17,31,8,95,8,19,5,6,0,115,27,55,14,2,10,8,5.1,0,3.1,50,0,0.8,2,0.7,5,30,47,0,41,0,24.3,0
1994,2,0,0,0,0,0,1,0,40,0,0,0,67,0,0,0,0,0,3,0,0.3,0,0,10.52885468,0,0,0,5,11,10,25,47,0,8.9,2.091704794
1994,3,14.5,101.7,67,80,19.8,100,0,77,52,64,105,54,66,123,50,121,159,57.7,41,74.9,109.5,206,15.42309489,101.3,22,121.4,90,50,63,48,26,83,31.6,81.7
1994,4,47.9,101.3,89,132,78.6,88,37,49,195,192,128,118,136,119,162,72,65,163.9,84.7,124.2,139.3,136,98.8,77.3,105,145.3,204,96,169.1,77,119,155,138.2,165.9
1994,5,217.2,208.2,203,193,230.6,182,202,245,275,244,196,695.6,230,194,175,169,226,188.3,314.7,138.6,234.7,357,178.9,108.4,258,161.6,200,286,297.7,282,281,208,300.3,345.3
1994,6,277,78.5,86,96,85.2,68,44,106,184,186,48,135,150,83,151,101,41,129,237.7,85.3,60.1,100,93.5,106.5,65.7,78.8,177,105,392.6,417,161,321,273.2,401.4
1994,7,57.4,117,44,95,235.2,128,170,99.2,157,202,159,101,140,182,83,159,155,123.1,132.7,168.9,169.2,179,95.3,70.4,189.3,190.1,155,116,370.6,290,148,343,202.9,211.3737462
1994,8,317.5,202.9,206,245,279.6,278,164,335,318,256,409,260,248,336.8,285,253,276,221.7,282.9,225.2,345.4,373,248,199.3,196,344.7,397,266,392.5,332,448,549,538,455.7982343
1994,9,110.3,90.3,129,195.4,211.9,160,52,201,53,173,189,322,231,223,126,90,194,89.8,209.3,150.2,194.4,246,196.6,172.5,158,170,138,255,281.3,190,411,282,237.6,236.1730123
1994,10,255.7,231.3,235,164,238,249,221,176.1,285,163,259,587,152,218,313,242,215,204.2,137.1,225.1,273.9,248,184.4,121.3,206.5,213.8,183,227,376.1,301,169,159,201.8,250.0703172
1994,11,122.3,262.4,196,218,62.7,141,163,101,126,119,196,90,286.6,288,114,103,176,111,268.1,130.1,137.8,233,182.5,147.6,209.8,239.9,54,132,253.6,116,116,86,164.9,293.3523114
1994,12,6,4.9,8,2,7.1,0,0,10,0,44,13,0,3,8,0,13,0,1.2,30.4,8.365391933,10.3,10,4.9,1.8,0,3.3,29,43,11,5,0,0,1.1,14.5447454
1995,1,0,0,0,4,5.6,0,0,30,0,0,0,31,10,0,0,0,0,18.6,1.4,0,0.2,0,0,4.7,0,0,75,0,44,10,32,0,5.5,0
1995,2,0,0,0,0,0,0,0,0,0,0,0,0,4,0,0,0,0,4.7,0,0,0,20,0,15.5,0,0,0,0,9.3,0,13,7,1.4,0
1995,3,0.7,50.2,13,20,53,31,0,16,63,7,39,0,20,2,0,0,0,16.4,1.3,4.4,22.3,30,0,2.1,0,23.5,46,75,50.9,71,18,9,2.4,44
1995,4,40,87.4,24,40,42,53,11,63,47,46,98,97,40,78,44,69,65,48.1,116.9,48.2,44.4,67,56.8,56.8,50,98.5,202,66,42.8,150,126,57,60.2,313.1
1995,5,105.2,137.978561,141,199,214.7,205,165,204,237,131,92,315,161,121,133,205,176,155.2,134.2,129.3,142.4,251,181.5,167.9,220.8,163,80,182,183.2,88.3,141,156,258.8,352.1
1995,6,174,104.3,155,244,238.9,153,134,167,173,262,167,447,101,205,195,202,78,201.9,215.7,177.7,98.8,106,147.9,193.9,123.1,163.9,340,221,226,84.8,234.5,199,191.2,426.6
1995,7,174.8,284.1,181,212,236.8,124,145,344,101,183,266,389,254,357,115,207,306,210.7,146.3,210.1,237.8,186,197.8,257.1,173.4,303.9,398,145,623.9,481.4,599,462,541.1,574.6
1995,8,99,216.3,249,352,247.4,375,176,262,299,174,131,395,308,128,150,108,127,274.2,282.5,86.6,187.5,172,246.1,310.5,139.3,104.4,195,302,292,164.3,296,437,593.1,202.6
1995,9,189,220.3294239,318,330,223.6,300,62,80,119,242,223,430,195,257,112,256,208,143.3,157.1,284.9,288.4,238,208.6,183.1,145.1,231.1,333,165,268.6,185.7,95,319,421.3,313
1995,10,297.4,132.8815572,127,186,185.9,106,41,209,177,158,140,220,203,125,71,249,158,110.8,209.6,140.2,131.6,248,172.2,140,254.1,167.1,391,169.6,331.2,34.4,283,360,360.3,563
1995,11,32,69.02829224,50,20,19.7,7,159,12,101,213,67,282,71,71,58,158,138,93,30.5,144.4,146.8,93,110.5,71,106.9,119.8,37,32,219,18.3,59,225,198.1,51
1995,12,28,53.97022388,80,49,100.2,84,95,163,50,26,20,77,22,14,22,30,23,45.5,76.9,16.9,10.2,102,124.6,122.9,144.5,7.2,14,11,102.3,40.5,120,115,103.6,7
1996,1,0,10.69356709,19,12,23.5,13,40,23,0,7,14,0,24,69,0,0,0,1,6.7,0,0,13,28,41.3,24,15.9,17,46,23,0,6,5,6.3,17.95264199
1996,2,1,23.4,45,78,99.6,99,15,70,5,108,75,198,57,78,25,128,70,18,23.2,68.1,33.14585361,4,3.8,30.9,0.4,54.6,12,69,172,39.5,24,38,83.1,55.4
1996,3,52.7,184.1,72,122,76.7,77,100,63,68,13,43,188,41,12,42,1,21,2,46.9,0,48.7,115,146.9,167.8,82,17.3,220,72,311.1,66.6,57,40,164.5,140.1
1996,4,41.7,45.8,95,47,97.4,116,135,202,80,158,178,247,133,111,117,145,160,174,157.2,89.1,106.1,102,61.4,25.7,63,151.9,86,62,265,187.5,29,127,173,270.5
1996,5,263.4,292.6,331,272,260.9,205,277,222,344,340,322,608,218,296,223,396,263,346,174.1,327.2,221.3,285,258.7,185.7,185,375.2,360,186,147.4,303.7,297,355,307.1,292.1
1996,6,120.8,61.1,159,302,352.6,258,162,280,119,183,171,316,124,113,106,103,99,160,206.7,109.2,120.8,98,165.3,140.3,109,132.9,390,219,331.8,330.6,227,354,379,463
1996,7,203.4,189.3,162,176,223.6,113,175,280,176,267,149,415,166,224,234,208,249,139,153.2,266.5,212.5926633,386,172.6,151.5,272,299.6,520,294,400.8,369.4,427,428,416.7,190
1996,8,212.1,187.4,345,358,208.4,357,89,344,237,180,137,516,290,204,184,242,223,148,261.5,209.5986823,201.9,274,247.9,259.2,219,188.4,322,275,439.8,368,572.1,544,644.8,591
1996,9,110.5,141.1372853,95,72,206.6,178,63,167,151,96,170,352,85,152,156,74,74,177,122.6,130.9627294,95.4,139,229.8,124.8,398,179.2,219,158,246.2,619.5,201,457,444.5,317
1996,10,66.6,145.7,96,126,89.5,53,40,64,103,169,103,485,176,232,32,203,191,99,124,155.1733343,164.3,92,174.8,152.8,93,173.4,120,161,559,207.4,212,341,417.3,149.3
1996,11,71.2,52.8,82,45,23.6,67,31,132,110,142,82,372,181,142,66,112,107,56,200,110.3090308,108.4,97,185.3,146.7,186,99.4,127,75,194.8,95.8,243,229,188.1,254.8
1996,12,3.9,2.5,21,27,64.9,0,2,30,3,18,23,29,50,40,0,10,0,41,33.3,4.5,41.4,23,3.8,3.8,15,12.5,75,24,121.1,0,45,72,41.3,27
1997,1,0.863700034,0,0,10,87.3,6,0,45,0,2,0,43,5,1,0,0,25,0,12.4,0,0,24,0,30.8,0.2,1.4,50,90,0,30,0,3,2.3,0
1997,2,4.8,15.5,11,0,37.1,6,13,23,10,10,4,11,41,17,7,23,0,22,48.7,37.9,22.98941644,27,0,49.7,0,27.9,32,96,25.1,16,7,24,37.7,26
1997,3,0,0,3,0,0,0,0,10,70,20,0,0,40,0,0,0,0,0,0.5,0,0.356500628,0,0,5.4,0,0,0,17,7.9,114.4,17,17,2.1,29.5
1997,4,157.3,54.1,103,64,43.3,129,0,128,121,128,121,197,163,90,110,84,161,103.7,98.2,163.3,98.6840853,138,99,199.2,85.5,150.6,217,115,157.1,194.9,125,138,133,116.3
1997,5,153.4,94,64,92,301.8,147,82.71129689,115,70,123,138,92,104,175,78,114,208,124.7,84.4,103.5,127.7631621,146,138.7,67.5,81.4,107.2,372,98,303.5,141.3,254,275,247.1,227
1997,6,168.3,200.3,290,378,212.3,327,229,185,145,122,171,309,210,304,107,281,160,136.7902316,149.3,197.6,389.4,146,0,140.4,197.4615552,112.8,190,212,507.3,251,289,391,408.5,509
1997,7,63.9,113.9,85,167,141,122,114,147,74,83,149,59,166,123,84,87,132,92.79353234,126.9,127.5,125.2,81,65.8,58.7,90.04980324,133.6,319,138,338.7,125.5,235,164,274.6,203.6
1997,8,91.1,185.4,107,183,122.2,274,166,184,79,109,137,92,231,291,64,103,142,127.5212191,93.9,92.7,126.3,95,113.5,163.6,125.8281944,122,248,142,319.3,202,160,324,209.9,326
1997,9,244,200.3,180,246,86.4,253,177,310,149,197,170,497,249,196,190,247,171,187.0314422,179.4,223.9,193.8,301,170.4,195.1,175.3494244,233.8,250,235,184,140,264.5,324,224.4,261
1997,10,176.9,58,51,61,62,9,175,96,76,55,103,0,152,158,141,169,124,91.72116258,103.5,134.4,133.2,84,204,155.1,193.1996981,112.5,300,201,295.6,90,128,183,143.9,266
1997,11,59.1,152.5,111,51,103.1,60,38,33,19,34,113,16,37,16,6,26,52,20.4,37.5,51.5,68.3,108,31,59.2,19.5,45.5,90,52,105.3,57,20,104,137.2,134
1997,12,2.8,44.7,73,41,3.5,0,0,25,0,0.1,0,0,8,15,0,1.1,0,0,12.7,0,0,11,1.8,2.1,10,0,0,0,6,19,0,98,0,0
1998,1,2.1,0,0,13,0,0,0,0,0,0,0,6,0,0,0,0,0,0,0,0,0,0,0,0,0,0,0,0,0,0,0,0,0,0
1998,2,0.8,1.2,18,16,14.9,13,0,15,10,0.2,0,0,5,7,0,0,0,42.1,0.1,2.1,0.7,39,0,0,0,7.1,81,35,92.3,2.3,16,67,28.2,28
1998,3,8.4,11.9,22,90,25.7,40,14,0,0,0,0,106,88,12,0,20,7,7,5,10.3,0.9,0,0,0,1,5.2,120,9,25.7,15.3,36,15,74.7,93
1998,4,255.8,209,83,105,139.9,72,26,2,82,76.3,108,137,133,46,73,16,124,104.3,129.5,34.5,100.5,61,39.6,32.7,14.2,34.6,61,18,108.8,146.8,48,69.7,101.1,192
1998,5,248.9,270.2,242,308,434.7,268.8,130,353,331,383.2,356,215,255,362,268,343,295,324.1,305.7,361,262.4,395,192.2,190.3,141.8,377.6,294,375,798.4,17,516,382,502.0569643,402.0566098
1998,6,275.8,229.1,160,168,173.2,240,227,297,183,166,137,85,134,171,168,145,185,200.7,111.3,169.2,218.3,204,136.7,178.4,73.8,139.1,187,237,308,22,561,277,297.6992547,218.1
1998,7,176.5,178.9,109,105,239.2,160,133,261,257,237,202,44,132,152,227,163,163,183.1,123.9,206.4,149,295,135.7,163.6,133.4,182.6,190,157,599.9,295.3,387,292,398.2834698,382.7
1998,8,300.9,227.4,161,90,158.6,33,325.5,345,172,206,205,122,192,189,162,146,152,225.2,240.8,159,187.7,277,264.4,255.5,309.5,188.4,297,245,620.2,271,416,336,429.8869004,251.8
1998,9,113.9,70.6,131,82,115.1,231,231,176,164.5,80,96,202,114,132,114,100,49,219.7,100.4,126.8,122.2,248,120.6,243.6,71.9,155,135,160,251.3,80.7,285,466,356.4369503,393.3
1998,10,303.4,83.1,108,53,101.1,20,130.6618189,89,102,49,143,268,130,101,71,30,46,67.5,56.3,89.5,55.6,148,121.5,66.7,124.6,96.3,267,116,273.5,62.7,153,249,247.6657234,142.1
1998,11,188.7,41.3,98,72,106,76.5296801,96,59,176,63,117,208,145,76,101,56,102,100.2,122,177.9,136.4,87,50.1,91.56968774,153,147.5,130,80,382.4,131.2,194,130,233.6990844,189
1998,12,48.7,98.7,120,126,148.2,26,42,204,77,81,53,406,47,158,23,136,141,144.3,102.9,107.1,167.1,0,162.9,96.28254715,196.1,121.9,103,73,124.9,15,120,109,118.2801822,115.8
1999,1,18,4.4,57,35,29,5,10,43,8,0,13,0,14,46,3,0,0,5.7,41.4,0,22.1,0,1.5,14.8,6.8,10.9,40,0,8.1,15.6,51,16,13.67891446,29
1999,2,2.8,54.4,128,74.67828685,126.9,57,15.27291442,15,64,34,98,22,82.71261633,89,38,110,66,85.3,87.5,58.4,99.8,110,18.8,39.1,22.2,57,146,73,64.9,69,75,48,89.45445427,141.3
1999,3,32.1,27.2,49,72.36626175,84.1,47,14.70625987,22.5,33,29,47,60,72.73874901,91,30,81,49,61.5,14.4,67.5,6.7,74,18.8,14.8,14.1,49.2,122,70,70.5,2,33,3,26.2,65.2
1999,4,14.3,197.8583743,227.7597516,228.1462733,193.6,227,66.00317919,89.2885083,58,156,151,147,208.0757125,174,195,133,151,122.7,155.7,141,283.3,127,39.9,137.3,19.4,96.9,204,65,345.8,118,265,59,154.6,238.2
1999,5,226.03585,146.6337269,155.1054397,175.9658487,148.2,147,138.4884435,178.7141525,216,187,211,485,185.7276331,178,170,157,200,176.5703454,173.8113345,164.5540721,138,181,133.8828567,153.8,119.8,85.5,152,44,420.1,243,98,86,205,313
1999,6,221.933297,127.4293835,174.0395489,209.770996,151,316,208.5492081,222.0656664,227,164,145,177.2046672,163.1972083,133,112,138.9482178,125,198.0741763,166.1834548,126.3,102.3,191,198.016743,167.7,214.1,169.1,252,236,555.6,171.5,301,423,379.2755247,454
1999,7,395.2,252.3690802,286.7618687,268.3252186,201.9,270,201.5967125,217.3190182,220,226,310,342.5473884,330,350,185,279.3697755,318,186.1296545,246.3986132,257.5,245.1,253.186884,191.8,169.5,327.1,266.6,208,264,399.3946065,274.4,351,357,399.8864547,443
1999,8,225.0133195,145.0003383,174.2613988,218.1818305,187.4,248,186.6690151,215.6529385,400,186,143,227.6300053,175,121,222,178.2385045,143,199.0317092,214.9834932,177.1843827,181.1921189,202.2738003,147.4,120.5,270.7,117.2,405,232,508.0784999,150.5,507,392,417.2651964,427
1999,9,237.4760604,147.5191594,151.497823,180.0474736,137.9992059,160.6788268,233.5612427,225.1286886,308,201,175.6632,218.6034812,115,169.4432309,325,173.7553002,161.1146262,195.2662604,214.0191861,181.0372074,158.332393,224.1668348,219.6,141.3,324,152.3,224.2,274.443871,364.8197528,73,260,103,177.4,324
1999,10,185.8545675,214.6048222,233.8558583,254.7486431,183.8741168,224.631471,207.1522212,232.8366742,205,190,259.1969021,286.8608734,263,272.8077542,182,226.6542223,246.8085325,139.4999719,228.7533958,212.4780785,248.7147336,292.7588924,270.7,177.6,126,196.6,394,155.8510675,385.2280795,113.9,493,342,284.5,404.1
1999,11,145.0225704,37.79222325,45.66188147,45.21212346,89.82054651,46.67937898,157.5803353,85.23171398,134,59,69.4938197,45.85271192,33,50.29735369,129,55.99364304,60.58038595,58.06896941,51.04589803,63.02850472,61.39989996,110.1807978,121.3,134.4,170.1,57.2,187,52.15871286,164.9294273,171.2,132,263,94.6,50.5
1999,12,78.09335184,146.5292139,138.5665521,123.2196508,125.8747692,116.6784683,65.27939458,45.97121708,210,85,100.2732933,113.9867626,46,98.09301857,41,90.87379022,102.238866,51.56979003,100.9930581,81.53500918,110.5032548,118.8181242,43.1,63.5,51.8,138.4,119,61.68133631,269.5504227,114,29,83,53.2,160.9
2000,1,18,20.2,30,157,3.1,7.647087835,7,0,17,71,29,43,42,25,6,89,38,13.9,43.6,12.6,13,17,3.8,8.3,0.4,9.9,0,114,32.90917213,0.1,25,167,60.5,58.3
2000,2,0,55.8,61,45,49.4,35.23169686,0,8,58,23,16,4,42,13,17,28,50,26.7,33.2,22.6,13.5,5,2,25.3,0,16.2,15,82,36.64394505,81,0,0,21.4980825,27.2
2000,3,0,14,0,19,21.5,3.741014161,0,8,0,12,0,13,0,0,8,0,0,7.4,3.8,3,0.4,0,5,0.3,1.3,0,0,24,28.31934092,7,56,20,16.56126324,0.3
2000,4,99,58,112,54,127.3,86.54312629,47,61,118,43,39,71,58,74,55,81,46,36.2,67.1,33.6,86.7,47,94.9,63.3,30,49.8,122,103,195.2510317,138.5,81,168,234.2,153.4
2000,5,224.8,110.2,173,103,139,152.978229,112,95,257,258,122,285,244,348,199,240,250,189.6,299,172.3,156.7,233,254.1,134.1,154.5,102.6,173,128,413.4423461,216,308,279,391.6,231.2
2000,6,186,94.8,171,190,93.4,172.4051842,215,161,61,164,140,183,210,77,145,33,57,237,187.2,53.2,108.5,158.3843927,128.1,136.9,114.8,128.2790218,263,167,381.2767349,167.4,235,232,203.8,299.3
2000,7,148,374.4,193,144,172.8,196.1313362,90,63,137,76,147,189,139,113,79,218,88,55.3,97.6,129.8,125.2,132.4100786,83.8,21.6,83.5,40.7,365,114,404.5943578,121.9,202,315,539,259
2000,8,151.6,326.1,286,308,239,242.9063725,180,248,166,225,267,419,160,180,119,164,138,141.1,112.3,155.2,125.3,182.9307777,195.7,129.1,116.6,110.7,226,203,509.7325074,269.4,248,461,367.2,301.9
2000,9,270.3,244.7,277,190,155.9,191.9539164,157,161,133,200,189,439,158,212.5,73,259,249,152.6,156,209.5,208.5,233.2967268,238.8,161.5,257.3,224.9,286,155,453.5555054,71,301,417,329.7,269.9
2000,10,184.2,83.7,284,183,238.7,221.0013061,50,148,160,160,165,617,164,211,92,228,167,70.5,86.1,223.1,142.7,216.1600918,34.5,112.5,37.3,158.8,184,81,357.2038217,132.2,240,171,351.8,272.5
2000,11,129,56.9,45,60,57,41.46525298,51,63,86,61,32,100,48,41,41,41,97,0,46.5,17.8,51.4,72.15195566,60,84.1,50.3,13.1,100,45,133.5745562,115,99,142,40.2,80.8
2000,12,52.38266774,68.3,110.3410988,80.6396489,90.77787786,91.24033985,62.24520079,35.75832166,53,82,32,59,86.19124699,60,41.94050379,57,68.61262189,34.61041756,21.7,22.7,81.1,51,64.01870788,52.97347762,62.84718079,24.6,46,28,12,84,84,119,102.5,45
2001,1,3.4,32.9,33,0,43.8,13.45456011,0,15,0,13,3,31,16,22,20,20,25,76.4,39.4,29.4,0.8,66,14,37.4,1.7,1.4,4,9,0,0,0,0,0,6
2001,2,0,0,0,0,1.2,0,0,0,5,0,16,0,0,0,0,0,0,0,0.5,0,0,0,0,0,0,1,9,2,8,0,0,0,0.3,0.5
2001,3,2.4,23.5,54,31,38,31.4956042,0,12,15,98,47,0,32,20,0,26,38,0,2.3,27.2,19.7,0,33.7,7.8,5,1,38,11,19,86,95,13,49.4,130.7
2001,4,17.2,45.3,82,67,193.9,101.3988947,0,60,32,41,9,63,125,95,55,63,69,17.6,123.6,58.4,27.7,70,40.4,18.3,2.1,59.8,122,72,36,110.3,49,12,38.2,123.4
2001,5,193.3,102.3,169,148,157.8,142.3925026,84,253,180,249,146,234,113,130,103,210,109,87.8,203,165.9,104.3,213,83.6,169.5,68.6,90.5,57,226,224,175.5,279,190,185.6,299
2001,6,103.1,90.8,71,108,185.3,131.7158463,74,101,148,114,76,31,51,86,80,91,107,108.2,103,85.6,116.3,96,87,73.8,61.1,105.9,198,118,109,164,205,245,288.8,238
2001,7,100.5,72.1,153,72,142.4,126.5581055,95,72,35,88,77,66,109,139,64,116,108,83.6,129.1,74.2,57,110,101.7,59.3,142,80.5,125,89.1,252.0311462,268.5,140,369,133.1,266.8
2001,8,237.5,311.3,201,305,269.1,228.8726313,408,254,284,165,134,221,194,217,187,191,199,276,277.3,148,201.9,305,253.6,247.3,308.7,145.8,205,252,349.4094638,55.5,177,296,264.1,317.7
2001,9,246,307.4,289,255,162.7,240.4969259,356,215,393,296,358,63,320,439,236,416,296,277.7,317.8,378.3,299.9,400,164.4,227.2,331.7,371.2,149,350,79,236.5,323,373,318,376
2001,10,176.5,143.4,199,62,189.4,156.5109428,149,157,146,88,77,295,245,94,120,72,90,220.9,121.1,67.6,109.8,150,205.7,185.7,211.3,59.6,200,159.6,212,379,223,288,112,292.6
2001,11,129,136,139,129,153.3,97.34295362,308,144,177,97,102,98,151,407,123,245,248,107,183.9,119.3,136.8,75,246.3,150.6,263.4,156.1,131,130,218,160,193,313,169.9,440.4
2001,12,13.3,33.7,26,8,16.6,47.69113469,10,72,68,39,21,62,63,60,6,67,0,25.4,62.8,13.7,5,125,35.8,29.7,4.9,38.7,77,32.3,165,163,83,148,13.6,55.9
2002,1,0.4,7.2,7,13,18.8,29.4,0,0,0,0,0,11,4,10,0,0,0,0,7.2,0,5.1,15,1.7,0,0,0,0,0.5,6,3,0,0,6.3,3
2002,2,0,32.5,0,0,2.358836431,0,0,11,5,0,0,0,3,4,0,0,7,10.2,0.5,0.5,4.6,45,0.7,24,0,1.2,0,1.6,3,60,0,0,0,13
2002,3,11.7,28,36,25,35.5,40.5,0,29,15,63,33,0,2,139,17,19.75585661,32,30.2,0,77.8,33.4,0,0,43.1,14.5,18.6,75,75.8,95.8,76,65,88,35,50.4
2002,4,13.1,156.1,276,228,267.5,135.1,36,134,81,106,69,0,61,132,95,90.13583697,137,68.1,89.2,79.7,97.4,165,44.8,51,41.6,105.8,150,153.4,69.8,103,244,206,253,311
2002,5,59.2,108,93,201,140.9,168.8,110,173,137,160,110,0,193,263,90,152.2826975,148,128.7,142.1,139.6,163.5,195,91.2,66.8,44.2,137.8,277,214.1,190.8,284,282,239,275,259
2002,6,124.6,157,149,107,201.2,171.6,77,94,126,71.2,54,74,142,435,58,109.8928009,117,111.6,176.8,55.4,65.7,90,122.2,51.6,96.2,56.7,190,156.6,65.9,90,186,106,275,227.1
2002,7,120.7,168.8,265,168,193.6,190,76,135,164.9,139.4,216,139,252,280,132,181.2307515,229,179.4,160.6,191.3,168.3,195,171.4,86.7,69,148.1,388,63.3,172.1,194,422,307,594,388.8
2002,8,44.3,72.5,86,194,111.5,245,39,242,43,140,116,32,54,160,44,92.76877498,100,90.9,61.6,98.7,87.6,115,96.1,149.4,80.3,80.7,375,125.5,124.9,239,190,116,247,311.6
2002,9,173.9,115.1,197,170,64.9,191,191,140,224,139,141,62.5,136,152,104,151.1847748,116,39.5,97.1,127.3,144,215,114,94.5,130.3,95.7,355,127.5,407.8,341.5,525,191,587,330
2002,10,170.9,143.8,104,38,132.4,49,68,70,178,109,121,115.5,194,143,181,137.1432593,118,49.7,146.8,114.2,101.5,220,155.5,139.1,193.9,70.7,137,133.5,311.2,339,253,376,248,225.2
2002,11,79.5,91.5,119,108,129.2,136,45,136,10,26,22,0,101,49,24,60.07178572,26,45.5,26.1,35.6,63,125,86.8,95.3,25.4,29.6,167,19.4,58.7,197,109,59,223,275
2002,12,151.4,38.3,56,56,43.5,57.6,42,5,30,50,70,0,123,97,89,45.22695238,68,37.5,32,81.8,70.2,80,42.9,44.3,50,55.1,50,22.5,20.9,95,10,23,1,30
2003,1,1.4,0,0,2,0.1,9.5,30,0,0,0,10,0,0,0,0,0,0,0,0.3,0,3.7,10,0,0,0,2.6,40,13.5,11.2,40,0,19,1,20
2003,2,2.7,14,50,30,6.1,41.4,0,10,0,5,2,9.426908053,13,20,0,6.044301094,10,40.3,60,14.5,2.7,0,1.2,2.3,2,0,20,45.3,14.5,0,60,4,11.5,9.45494299
2003,3,5.4,25,23,90,118.7,91.5,0,17,37,0,51,0,86,113,65,29.36989303,72,21.1,44.2,23.5,69.7,40,0,10.3,0,40.6,61,27.8,21,32.4,10,31,68.4,46
2003,4,152,79.1,148,75,112.9,114,137,142,91,161,213,84,155,280,190,160.6291863,245,114.2,238.9,210.7,253.9,163,111.2,141.9,57.4,208.9,230,94.6,54.2,385,0,152,204.7,326
2003,5,110.2,159.6,235,220,210.1,248.5,81,199,139,227,117,117,261,276,144,191.6071919,211,99.4,173.5,115.9,108.7,205,61.7,120.3,81.1,123.5,250,62.2,236.1,183,286,71,365,200
2003,6,187.5,226.9,279.3,181,141.1,134,237,219,134,202,261,116,248,210,125,189.9236134,197,115.4,170.9,160.1,371.9,230,111,112.7,147.2,205.5,390,181.4,82.2,71,266,133,198.7,410
2003,7,363.4,137.3,62,110,73.5,109,142,186,315,188,172,169,225,197,134,191.5043801,234,155.9,157.7,143.9,126.4,170,171,213.8,143,145.4,105,216.3,134,165,294,160,301,244
2003,8,308.1,265.8,142,152,461.1,400,100,94,215,159,122,266,166,145,170,161.7586107,145,78,138.5,114.7,168.2,250,141.4522169,122,66.6,138.8,276,198.5,316.6,109,245,217,498,470
2003,9,258.7,272.4,139,89,143.9,106,169,191,271,210,144,175,349,123,250,202.6611242,300,97.9,242.1,178.9,167.9,195,203.0063313,311.4,205.5,164.8,212,166.6,457.5,187,161,354,238,222.6
2003,10,44.6,207.2,175,152,230.7,105,128.8503583,124,184,156,57,140,215,191,138,132.0470057,282,96,51.5,112.1,80.5,110,142.84969,31.8,77.8,95.2,115,186.9,535.3,85,223,248,258,239
2003,11,241.7,72,96,100,136.2,126,196.9893537,225,176,116,113,0,146,66,78,107.2911674,107,92.5,141.4,165.2,164.1,120,182.480331,150.4092444,225.3895257,110.6,219,55.7,210.9,239,186,317,360.6,310.5
2003,12,38.7,53.5,70,45,45.6,61,56.78391627,71,46.68168245,19,49,0,123,35,24,49.10311122,54,25.1,56,49.3,48.3,75,59.12849161,47.23754839,55.12634866,4.5,99,53.3,66.6,53,21,22,28,160.1
2004,1,5.6,10.6,17.00654655,31,35.42631712,16.78836344,8.4652075,0,11.18491067,11.57850104,5.974095392,8.59200816,33,6.398810953,2.075817397,5.504319367,4.828736984,15.50926621,80,0.5,21.1,0,10.30030396,13.44333557,5.609324636,3.1,13.55190216,0.8,16.89264736,4.077343811,0,4.488428614,0,3
2004,2,23,13,5.021337957,0,7.63947166,0.609087096,8.126390568,0,5.615761611,3.20938104,1.494936512,1.578706618,22,1.964686498,0.411248401,1.807009884,2.001148636,15.1055404,0.1,0,0,0,10.58971252,14.42345852,4.697729973,0,0,3,0,0,0,0,0,0
2004,3,0,9.1,5.043706117,9.938330224,9.356299587,0,7.768724807,11,5.409736522,2.755257053,0,1.398713811,13.50562516,0,0,0.032545297,0,0,0.9,0,0,0,0,0,0,0.4,4.572437301,8.093648235,0,5.568626608,0,0,0,5.878165222
2004,4,66.1,112.6,201,134.8994223,121.8,183,0,59,81.09717498,71.54913345,94,104.5653847,157,85,48,83.58068897,68,56.4,72,75.60458579,96.5,100,96,154,9.3,30.2,182,113.5915577,456.6,50,196.1,60,159,232
2004,5,174.8,253.8,135,189,161.2,140.9,287,348,150.7803255,200,140,183.8070201,126,149,127,167.0595096,191,202,109.9,153.1016238,157.1,180,194.6,146.5,233.8,133.1,357,207.7729218,537.5,188.2,270.9,269,281.6,560
2004,6,177.1,155.7,253,231.8,267.8,210.4,110,52,95.9,119,109,27,208,193,96,143.9968984,203,42.1,75.8,184.9,213.7,165,61.4,59.5,113.8237961,142.8,353,146.3,114.3,290,210.2,132,278.7,416
2004,7,219.7,182.2,123,117,130.1,87.9,64,275,130.3,96,172,12,178,158.2,109,173.4760815,216,228.6,165.3,153,161.8,205,220.5,209.6,207.1721916,152.2,215,182.8,344.7,318,200.4,180,304.3,590
2004,8,213.8,84.8,159,178,133.8,129.3,271,164,171.7,268,227,226,301,253,203,199.3688011,226,62.3,153.7,188.4,209.8497527,220,159.5,62.5,185.8645096,195.4,239,143.6,566.8,516.4,349.7,293,389.5,491
2004,9,164.9,215,167,203.5,280.7,322.4,130,250,322.823627,286,267,516,285.7724247,352,252,283.8010437,397,244.8,302.8,195.5,232.4,255,320.3,238.2,224.0639168,174.4,319,246.8648548,362.6,94,138,147,375.2,427
2004,10,226,169.6,289,242,80.9,0,187.659624,143,93,141,40,428,205,87,89,118.7228418,126.8929253,101.1,135.9,75.3,115.8,175,205.1818531,107.6,276.2,85.7,198,50.8,494.5,222.8,190.5,160,198,307
2004,11,205.0090466,90.6294955,112,203,196.2,28,171.9266375,100,95.08397941,84.10479341,100.871014,110.3781224,108.2243763,108.4768719,84.62858587,97.27757689,102.5502111,42.3,86.3,89.5,65.4,139.1778635,165.6855346,165.1,210.1,115.5,265,83.6,268.5,117.4,195.3,98,139,302
2004,12,54.30516602,52.49329362,71,17,42.4,46,32.58914817,28,29.7,38.39709619,42.75497592,58.1174017,93,49.30347129,29.19094237,43.00305521,45.71365802,53,27.1,35.54699093,42.5,58.56976338,35.78264822,43.1,32.2,69.8,30,24.7,1.3,0,20.9,69,57,56
2005,1,10.2,38.6,67,2.2,6.4,0,8.508212772,33,0,0.2,13,0,0,12,40,37,26,12.2,24.1,10.7,11,30,0,0,0.4,19,30,10,75,34,9.7,3,22,0
2005,2,0.3,1.5,0,10,0,0,0,0,0,0,0,0,0,0,0,5,0,0,0,0,1,0,0,0,0,0,5,0,0,80,0,0,0,0
2005,3,11.1,0,99,60,48.2,24,5,8,15,0,62,0,43,76,34,74,67,12,28,28.1,37.3,20,0,0,13.5,52.8,55,7.7,25.3,116,10,33,29,45
2005,4,134.1,154.6,101,83,217.4,77,58,207,100,170,170,132,177,106,215.2,64,85,64.2,85.2,144.3,196.7,195,57.7,179.2,57.6,100.3,180,104.2,483,53,184,191,374,208
2005,5,265.8,113.9,339,273,193.6,346.5,27,202,329,280,166,36,289,330,308.6,246,243,300.1,285.6,229.2,145.7,235,224.5,209.5,144.9,197.5,399.4,62.8,128.3,490.3,149,98,340,300.7
2005,6,111.7,206.1,418.3,271,266,204.4,113,45,105,143,133,10,219,144,68.2,169,158,52.3,92.7,115.7,205.3,165,139.2,76.6,206.6,187.1,555.3,185.3,232.3,144.7,368.7,358,500.2,478
2005,7,329.8,157.2,180.6,173,301,88,130,137,380,241,261,28,224,222,308.1,212,226,211.5,231.2,238,223.9,215,268,160.6,196.1,206.5,318.5,235.6,499.4,221,179.5,336,221,409.5
2005,8,223.8,153.6,86.7,299,145.5,158,151,125,262,278,151,11,186,280,285.3,261,244,141.3,221.7,209.7,192.6,185,220.3,195.3,235,175.7,463.9,158.6,532.3,364.2,369,407,582,594
2005,9,258.6,139.1,183.5,332,186.2,358,139,166,170,155,155,64,139,131,135,243,117,182.7,192.4,171.3,159.7,220,139.1,136.7,321.9,178.5,278.6,180.1,511,292.5,261.3,375,230,446
2005,10,139.6,114.1,53.7,273,167.9,272.6,68,88,125,215,120,145,191,175,151,128,131.2,116.6,197.9,144.5,147.7,190,149.5,142.2,235.3,65.3,357.3,146.9,220.5,209,90.6,248,293.1,321.0204454
2005,11,273.5,61.1,54.6,58,68.8,45.3,144,186,186,252,213,180,189,255,218,166.7459878,269,156,139.7,247.4,247.7,315,256.3408462,205.1,379.9,199.2,171.4,214.6,370,207.7,139.1,195,341.6,351.8251033
2005,12,38.1,30.8,71.7,127,6.7,26.2,47,52,77,53,51,2,59,4,49,31.67965708,12,19,28.3,47,52.1,30,46.6544458,27.9,43.2,43.4,77.7,78.3,69,29,21.5,35,20.4,30.62578189
2006,1,45.7,0.7,30.2,18,70.9,16.1,46,22,0,4,20,0,47,31,2,10.93492616,19,6.4,7.2,1.4,11.8,20,28.4,46,1.2,18.8,39.3,24,0,51.5,74.2,9,24.4,31.85280361
2006,2,5,0,13.5,37,27.1,0,14,0,0,37,28,0,32,0,2,11.31662416,0,0,16.6,32.4,6,0,2.8,0,1,6,35.7,10.5,130,28.5,0,0,5,25.7
2006,3,28,94.6,95.9,76,89.5,188,0,22,51,95,16,77,73,60,18.2,52.6,105,85.8,119,20.1,27.6,10,0,30,7.623376138,21.2,130.1,19.7,0,60.1,94.2,81,48,133.8
2006,4,93.2,87.7,60,168,105.1,75,45,90,213,53.4,109,199,141,173,133.3,74.8,128,148.2,151,138,110.7,135,119.3,68.9,130.4,118.4,130.8,148.9,398,174.1,296.6,168,171.2,328
2006,5,361.2,233.3,224.9,215,161.4,182,225,208,234,115.7,373,292,272,365,247.5,44.8,322,187.3,80.1,292.1,315.7,350,244.8,151,270.2,359.4,252.6,175.7,244.4,244.7,261.9,338,277,485.5
2006,6,53.1,91,121.4,176,167.9,126,112,105,129,67.5,236,83,232,133,188.3,48.4,130,191.3,119.2,318.3,175.7,130,113.2,63.4,170.5,196.2,363.9,151.6,364.2,229.2,223.7,178,291,400.7
2006,7,132.3,213.9,215,307,217.3,228,199,122,142,18.2,173,131,278,246,78.7,74.1,262,145.5,95.9,156.2,137.8,325,118.9,117.5,172.7,163.1,343.8,103.7,325.5,202.1,212.8,219,188.9,404.8
2006,8,220.8,223.6,308,185,214.3,186,298,55,156,112,191,168,296,309,173.8,113,350,160.4,188.1,211.2,269.6,170,84.5,43.6,107.5,258.1,311.7,163.8,411.5,188.8,264.3,346,376.6,500.5
2006,9,117.5,71.3,139,141,64.7,142,95,137,136.1,70,89,107,103,145.7,97,112,179,80.7,92.3,114.9,134.2,170,150.8,84.2,123.8,121.2,211.9,90.6,258.2,171.6,253.4,203,378.5,454.7
2006,10,264.1,89.4,71,116,96.3,67,322,102,153,25,56,43,39,80,94,81,49,142.3,100.7,84.5,51,192,157,140.7,186.9,66.4,169.9,201.2,260,236,286.6,316,195.1,364.6
2006,11,70,59.1,32,81,169.9,146,105,80,84,19,37,91,76,2,79.3,20,66,53.5,156,94.2,68.6,95,111.0673646,121.8,116,61.00816852,314.9,117.4,386,121.1,196,179,237,177.7
2006,12,15.8,22.2,48,126,216.6,31,57,28,40,22,23,46,45,30,30,54,70,73.4,20.5,27.6,14.5,0,25.2,49.8,13.7,25.9,90.4,57.6,52,69,122,180,116.1,100.4
2007,1,0.6,0,0,0,10.9,20,0,0,0,0,0,0,0,86,0,0,0,1.2,0,0,0,0,0,0,0,2.3,0,0,0,0,0,4,0,0
2007,2,0,12,0,1,0,8,1,1,0,0,0,0,0,0,0,0,0,0.5,1.4,1.5,0,10,0,0.6,0,1.7,6.4,0,0,16.2,0,5,0,4.3
2007,3,2.8,79.3,50,124,35.1,51,0,33,103,36,93,40,65,37,139,7,44,25.6,40.4,38.9,80.2,80,0.4,41.1,4.6,68.7,127.8,36,58,201.7,50,59,79.08350751,219.4
2007,4,170.5,241.4,278,221,190.6,199,139,108,140,177,151,197,144,200,137,215,224,149.7,124.3,102.5,189.4,215,134.8,192.4,57.8,127.6,253.1,224.9,431,144.8,378,212,274,133
2007,5,324.5,147.7,56,130,156.9,115,91,45,144,173.8,206,170,121,202,215,77,139,70.5,72.5,164.3,151.8,125,215.4,236.8,422.4,266.8,214.6,158.8,394,154.4,338,549,405.2,164.9
2007,6,327.2,225.9,298,255,378.5,387,41,205,192,356.4,212,261,173,243,187,252,218,175.3,171,237.5,256.2,128.5,185.3,154.7,148.6,146.6,343.5,214.6,290,261.2,210,164,442.5,404.7
2007,7,136.1,177.6,155,88,306.1,134,74,298,214,379,103,75,125,83,241,97,111,194.3,178.4,150.1990163,117.8,305,153.9,195.5,162,86.1,135.2,177,391,206.7,403,236,314.2,380.7
2007,8,279.8,176.7,216,264,352.2,294,133,200,261,428.1,214,283,232,174,234,227,267,205.4,212.3,247.8,242.3,270,219.5,237.4,264.1,203.6,306.9,220.9,581,685.5,424.0205922,520,385.5,500.6
2007,9,153,188.6,253,198,218.6,379,127,327,164,359.3,131,266,158,159,91.5,200,135,88.2,89.4,108.5,141.1,230,123,110.8,88.4,116.2,371.7,107.9,264,358.1,243.949462,293,256.5,668.5
2007,10,91.3,134.7,189,275,257.8,93.6,125,180,220,468.3,153,103,225,42,155,95,135,253.8,166.8,108.7,195.8,145,164.1,124.1,238.2,159.6,499.4,226.6,355,331.4,300,335,361.9,396.8
2007,11,33.3,7.4,36,44,118.1,45,60,53,37,70,38,70,28,0,55,0,19,12.6,72.4,29.6,43.48918239,80,62.8,85.6,91,16.6,163.9,13.7,114,73.5,89,69,238.5,83
2007,12,85.4,60.2,123,124,40.5,43.7,37,100,52,53.6,45,111,159,73,46,45,81,72,76.3,42.1,53.3,50,45,85.5,48.5,55.1,63.5,40.2,161,74,235,116,91.3,59.5
2008,1,0,7.2,48,26,13.2,11.9,0,11,9,51,0,36,35,0,25,23,31,13.4,22.9,20.1,11.4,20,13,6.1,2,11.3,15,0,0,6.1,0,3,0,14.3
2008,2,53.4,25,92,62,0,46,11,22,36,30,37,12,53,0,58,19,55,30.6,16.8,13.5,67.9,40,0,19.8,0.2,27.4,37.4,84.5,28,53.9,50,1,14,39.6
2008,3,6,34.7,34,30,75.2,13.7,4,0,22,59.2,55,42,47.57927752,0,5.5,28,44,2.4,34.2,43.5,69.2,22,0,21.2,22.6,35.8,33.3,53.1,104,0.2,50,30,17.5,35.1
2008,4,15,43.7,45,100,71.1,64.1,15,18,63,175.3,45,43,63,47,78,45,30,48.7,62.9,34.4,54.5,110,45.7,35.2,6,56.6,189.3,119.4,236,251.9,282,182,159.6,184.5
2008,5,188.2,229.9,290,265,322.9,261.4,207,193,235,286.8,249,147,161,100,145.3,270,255,170.5,168.4,301.5,156.3,189,47.5,65.3,101.2,320.7,209.8,162.8,284,248.2,708,73,243.3,310.4
2008,6,90.2,223.7,173,261,263.9,298.5,206,140,189,108.9,126,143,225,194,115,114,151,147.9,160.4,107.8,132.7,150,247.4,232.4,278.6,90.7,288.5,170.3,254,224.3,484,181,315.1,343.5
2008,7,133.7,90.5,168,167,104.9,132.4,191.5767215,232,84,57.2,119,264,160,79,129.8,180,132,225.7,128.4,99.4,105,204,195.3,184.5,159.4,90.5,370.1,176.5,582,293.1,745,552,577.6,385.2
2008,8,210,96.7,128,218,170.7,187.6,203.7723634,312,200,298.4,252,197,116,112,286.4,252,138,237.5,206.2,173.4,161.9,217,137.3,178.1,204.6,216.2,356.2,159.5,538,319.9,428,585,341.8,540.9
2008,9,288.2,263,233,203,143.1,107,230.8233285,270,177,203,156,283,147,68,286.9,287,278,200.8,221.7,321.4,208.9739884,260,259.9,115.4,317.5,259.5,251.5,338.7,299,346.2,659,390,529.7,410.5
2008,10,178.9,155.6,141,269,245.3,203.9,152,115,243,273.5,225,196,134,115,134.5,204,89,52.6,62.3,238.7,194.2,358,253,137.4,283.5,243.8,416.3,72.2,586,246.1,512,618,441,349
2008,11,310.7,102,161,141,150.3,53.1,334.3,190,302,304.4,307,272,264,251,171.8,310,463,100.5,278.4,257.7,214.643528,315,344.5,198.7,218.5,272,97.9,347.6,393,366.4,217,172,336.6,194.1
2008,12,3.3,0.5,12,25,33.2,13.7,175,14,30,0,0,18,44,23,44,79,14,26.1,0.4,0,4.8,35,19.4,4.4,68.8,3.4,0,23.6,55,16.5,18.42585464,10,10.7,30
2009,1,17.6,33.7,5,13,4.3,4.9,8,63,16,4.2,71,196,21,22,3,11,23,29.5,13.8,72.8,83.5,35,2.2,0.7,1.8,43.2,0,4.6,12,7,0,2,2.5,39.8
2009,2,2.773171357,6.2,6,11,72.2,6.7,1,8,44,23.8,8,0,0,5,30,3,11,0.5,1.5,3.7,0,83,14,7.4,0,2.7,0,62.6,18,7.7,0,21,7.5,42.5
2009,3,3.107083593,3.2,83,89,91.8,69.4,84,19,27,8,12,50,55,0,5,40,6,47.7,59.2,9,1.7,45,64.8,3.6,38,4.5,260.9,51.4,127,74.3,28,27,118.6,169.2
2009,4,28.48883623,26.7,80,37,52.9,122.1,29.77627643,87,125,127.5,53,73,96,8,85.5,30,34,161.2,146,36.2,50.8,95,35.8,31.3,57.3,45.7,87.6,171.1,188,74.7,127,51,97.4,194.6
2009,5,175.5920412,170.3,187,315,245.8,267,114.2210716,212,196,198.8,124,100,103,301,144.3,122,94,90.7,144.3,266.3,97.1,265,159,54.1,135.7,156.9,184.7,118.8,295,221,259,271,95.5,181.7
2009,6,184.8825192,135.3,197,144,317.9,298,222.1237276,219,288,130,160,217,146.1,202,269,245,294,200.6,297.6,285,236.9,268,235.6,166,222.2,217.5,262.5,278.1,293,248.1,148,243,302.2,251.4
2009,7,230.4580027,106.5,207,141,148.9,154.8,133.9230007,95,256,305.4,296,354,234,355,256,333,298,103.5,321.3,317,334.7,285,140.6,62.2,157.1,302.5,186,139,508.3,264,462,536,504.7,196.7
2009,8,151.2026725,175.4,60,137,170.4,123.8,201.8834517,172,215.6,254.7,128,155,171,98,240,142,201,159.9,106.5,202.5,170.8263356,148,198.6,234.6,191.6,201.3,159.3,155.6,502,331.6,356,552,390.6,275.6
2009,9,166.8629275,121.9,133.1,183,110.1,193.4,233.9063675,376,213,296.5,198,166,154,138,179.5,250,307,221,141.6,218.9,190.3109929,233,322.3,216.6,239.6,273.5,193.2,83.5,301,210,168,299,186.1,195.5
2009,10,157.4903979,109.4804769,76,91,268.6,92,164.4152611,110,190,97.3,56,103,150,70,181,123.1870126,54,195.3,311.4,169.6,116.6915901,195,125.2,151.3,100,104.9,231.2,157.4,217,168.4,78,187,264.7,175.7
2009,11,191.1875261,80.29325658,87,46,49,29.2,34.3,45,46,38.6,46,64,30,66,66,72.8160228,68,47.8,49.9,54.2,75.99798979,125,113.9,103.6,151.2,56.7,194.6,91.8,220,40.7,13,114,113.5,127.2
2009,12,22.55166498,21.23197926,18,0,0,8.4,8.9,24,17,0,64,23,6,0,36,0,7,27.3,15.3,49.5,18.24728849,45,37,25.8,29,42.8,77.6,33.1,45,12,2,16,11.9,47
2010,1,0,5.6,0,0,12.4,0,0.2,0,0,0,0,0,0,0,0,0,0,0,1.7,0,0.422923653,0,0,0,0,0,0,2.4,0,0,0,0,0,0
2010,2,0.775138279,4.2,13,21,0,15,3,16,22,0,0,13,14,0,6,7,5,5,7.1,5,6.998410818,20,4.8,8,26,5.6,6.1,33.5,11.5,0,4,72,30.5,4.5
2010,3,27.88448765,105.5,85,30,84.1,95.6,11,86,44,78.2,46,54,71,53,5,12,49,117,74.2,74,39.00931219,55,68.6,34.1,92.7,92.4,75.2,91.4,60,158.1,18,10,57.1,50.2
2010,4,116.4352946,13.3,192,93,120.2,124.5,112,67,216,291.3,128,77,100,62,58,21,41,41,103.9,91.3,101.0771209,112,73.7,79,101.9,132.3,131.8,118,306,256.9,76,170,173.5,132.5
2010,5,179.8966704,111.4,154,236,245.5,230.8,132,197,198,81.9,195,121,208,112,275,136,189,84,133,190.3,168.4982445,270,142.6,173.6,253.3,175,258.3,77.8,332,233.1,263,270,316.8,234
2010,6,199.4545864,104.2,127,134,212.3,231.1,135,238,244,81.8,198,165,192,93,167,174,166,211,130.6,111.3,166.9430018,179,140,209.7,351.6,170.4,392.9,182.8,477,519.7,365,595,484.5,170.3
2010,7,264.6347563,196.5,232,159,231.3,203.3,266,251,179,311.6,274,461,566,371,168.5,180,327,220.6,223.1,291.5,268.1273162,337,329.1,305.4,334,351.4,320.1,225.8,480,491.9,275,619,509.7,356.8
2010,8,149.4531101,87.9,106,176,132.4,130,202,209,271,239.4,245,215,176,220,184,205,212,257,317.9,160,193.4913158,170,227,194.2,335,166,351.5,318.9,673,444.5,455,493,620.4,352.1
2010,9,268.7139318,236.6,166,255,231.6,179.3,282,402,283.1,196.3,199,310,190,438,183,288,274,359.5,319.1,180.9,224.5721512,325,308.3,277.7460304,265.7,144,340,254.2,561.7,531.7,180,440,486.5,300
2010,10,188.138057,145.9,63,108,238.2,175.1,174,283,160,215.8,80,100,114,150,111.5,104,116,181.2,252.8,158.6,135.1023078,220,171.4,152.9664742,218.7,182.3,150,163.4,496,191.2,277,451,302.2,323.3
2010,11,266.0392777,172,161,172,121.1,145.2,540,332,219,124.2,81,164.5,289,161,111,197,172,158.6,162.6,72.1,142.5164782,216,299.7,228.8355636,358.7,109.2,169.9,184.9,495,158,178,255,289,171.5
2010,12,231.5614092,39,167,150,177,138.5,221,193,205,182.6,146,128,192,153,247,174,95,123.6,117.6,184.3,155.5259433,310,185.0260663,137.8718678,183.6624594,170.5,185,203.1,294,103.3,200,263,167.4,178.7
2011,1,13.7,0,0,1,12,14.7,15,30,10,5.5,0,6,0,0,6,0,0,0.1,17.2,0,0,30,11.66053115,14.26934965,10.1,0,13.5,11.5,10,60,0,57,19,29.5
2011,2,3.5,4.5,29,68,8.1,81.7,0,9,29,10.7,7,49,64,24,3.5,10,5,14,21.4,34.9,4.1,85,62.1,23.66078941,0,24.6,146,24,89,28.5,29,126,72.2,56.3
2011,3,53.2,5.1,37,157,167.8,95.6,23,99,111,69.6,27,57,135,154,72,135,113,72.9,59.8,59.7,57.5,30,53.2,32.47704299,66.4,81.2,81.1,44.6,231,153.8,173,192,248,298.6
2011,4,168.3,0,109,240,145.2,72.5,158,55,66,75.4,44,127,45,98,152,76,72,169.5,200.7,51.3,86.5,145,94.4,95.21542642,82,93.8,121.6,164,491,87,95,118,211.1,112.5
2011,5,230.1,211.6,314,305,255.4,208.9,177,186,228,123.6,104,265,265,158,126,164,167,92.4,206.1,165.7,108.7,135,173.5,137.9365565,108.3,128.1,492.9,175.6,226,388,221,135,235.8,315.5
2011,6,135.7,142.6,153,263,173.5,201.5,165,133,207,96.1,276,357,310,405,129,277,344,108.9,210.1,234.8,270.4,195,258.8,177.7493266,135.8,356.7,345.5,170.6,754,194,337,243,377.9,586.8
2011,7,121.4,65.2,86,104,219.9,256.5,70,169,213,26.2,108,144,132,147,46,104,125,122.7,102.7,100.9,116,155,112.5,132.0653679,161.7,89.5,359.7,202.9,718,460.9,428,181,481.8,496.4
2011,8,220.4,131.7,244,197,94.2,191.8,251,203,209.1,90.9,160,152,237,153,80,153,174,97.5,151.1,102.8,156,200,141.8,178.3561162,229.7,112.1,455.5,147.2,697,324.5,255,126,435.4,395.9
2011,9,236.1,3.6,208,184,159.2,261.7,239,219,212,98.4,208,196,216,155,145,162,219,266.1,114.9,206.3,199.4,266,162.2,186.0824627,277,188,358.7,174.6,875,339.6,322,303,261.9,381
2011,10,156.8,18.9,64,81,45.4,66.8,252.7435943,171.3,276,126,148,285,161,186,260,191,92,218.1,74.5,199.7,71.2,210,242.8,193.1898964,281.7,196.2,68.4,106.4,347,148.8,147,245,87.1,273
2011,11,429,93,146,174,113.7,143.6,164.5,119,142,129.2,277,255,38,181,110,235,222,65.7,285.1,188.2,246,300,124.8,135.657932,201,176.7,243.3,152.9,544,253.7,128,362,338.8,220.5
2011,12,200.7,71.9,76,67,51.5,117.8,15,30,104,94.2,93,53,278,79,28,143,105,46.5,100.1,131.6,55,115,45.3,61.82376002,198.2,140.1,131.1,141.3,234,164.3,51,121,97.7,196.1
2012,1,0,5.757186818,4,10,4.7,17,0,0,4,0,21,0,0,0,0,0,0,14.7,11.8,0.2,0,0,3.4,14.96236455,0,0,22.7,0,0,0,32,29,2.9,0
2012,2,2,4.939161872,0,0,26.9,2,0,31,0,3.4,0,2,29,0,0,0,3,4.6,26.8,1,1.7,0,26,16.70801474,0,3.8,4.2,26.4,23,50,0,40,4.2,26.9
2012,3,2.4,26.09190811,65,64.77663746,98.21827294,18,0,68,69,0,0,62,35,20,12,19,6,125.5,77.4,11.7,16.23290394,15,3,19.51766481,0,18.62944746,75.9,53.5,76,30,0,40,13.2,87.6
2012,4,196.1,159.6147085,173.7453165,169.6597878,227.184158,188.1,497,182,206,90.8,95,268,126,279,289,410,183.6,146.7,87.7,128.4,175.2454762,230,197.8,128.0905133,221.8,75.6,164,118.9,335,284,110.5,188.2,239.7,364.5
2012,5,224.2,156.1544338,172.1564773,204.5180735,202.7835319,159.5,277,120,388,138,96,135,234,194,318,207,161,174,229.1,199.1,197.5972069,360,233.5,183.8894019,225.1,137.7,205,91.8,700,257.5,370,133,250,148.3
2012,6,364.9,222.3766393,252.8141936,237.1728603,210.5288252,202.8,259.0850965,387,439,270.8,219,266,223,373,254,222,285,133.8,230.7,272.1,251.9617945,345,248.5,233.3149639,231.7,254.9,390,309.5,645,210.2,269,409,318.6,392.4
2012,7,118.7,182.9595151,204.0977188,192.0950901,202.0827331,142.4,147.1453144,189,193,117.4,128,181,283,144,153,187,212,186.2,185.8,166.2,173.391393,270,198.5,143.1928391,159,175.5,346,282.9,492,176.2,161,338,277.3,279.5
2012,8,221.5,180.6538778,211.943609,244.790686,227.754528,224.0719507,252.2878092,252,356,114.7,174,187,163,146,298,148,158,115,403.8,238.3,208.6639995,385,242.2,247.8214116,264.8,219.5,312,264.9,828,365.9,466,554,494.9,362.4
2012,9,178.2,187.6184171,222.6828882,270.966782,200.2488603,239.2569436,160.4871085,147,353,95.5,113,287,343,234.1,100,215,248,152.2,290.3,146.8,194.395208,245,162.6,152.0596863,198.6,163,228,247.4,722,116,330,242,332.9486463,364.3
2012,10,181.7266793,164.1278052,169.7594053,182.8356008,168.7066257,184.0445599,68,179.9937841,165.1113167,160.9048602,189.9354075,218.7057019,215.5494873,200.4997241,166.7062602,185,219,138.3,180.9504623,165.2926169,175.6639676,243.1127558,189.0503201,129.3256732,157.0713865,184.8,268,142.9,828,256.7,89,505,323.5783506,217.5
2012,11,215.5815994,67.66152753,52.21906662,47.13584816,70.72048733,42.03043573,200,83.94151148,77.33144083,63.64167119,76.01991662,74.01844899,72.62813401,70.17712637,75.30160449,64,68,40.2,77.84925862,32.6,73.83650181,120.7040464,136.8547199,111.5622595,182.6037396,125.1,144,98,453,123.7,52,97,155.896634,136.9
2012,12,20.15278394,58.15065309,57.62687463,51.04532872,46.34022852,45.03870316,187,17.46309071,32.94834864,31.1552395,36.28619377,44.15830339,55.71559781,40.97160938,17.88878277,50,40,39,30.2354163,37.4,41.40173191,40.8748087,29.23504133,27.70889168,20.92008513,31.5,12,28.25307381,334,33.1,0,30,57.40119995,36.5
2013,1,0,2.449605455,0,2.006475231,0,0,0,0,88,0,0,5,0,0,0,0,0,20,4.5,0,0,0,0,12.92345829,0,0,4,0,12,0,0,2,0,24.7
2013,2,1.5,3.82257845,0,14.20272918,57,13.4,0,66,31,55.7,35,14,50,55,38,59,39,34,35,44.7,14.05287918,10,3.9,18.6087176,0,51.2,15,29.5,5,5,0,28,0.7,40
2013,3,60.5,47.19337789,56,75.99181146,45.9,72.5,10,88,80,97.4,57,111,56,25,13,40,58,69,76.5,38.5,37.37267261,40,4.9,24.32190351,0,48.1,122,90.6,104,122.5,36,8,53.4,167.1
2013,4,60.8,54.00127997,60,106.2913944,188.8,165.9,20,25,110,94,69.47067144,82,97,117,81,145,153,85,36.9,83.6,61.73980954,130,137,46.2148758,19,70.6,149.6,56.8,469,147.5,167,102,213.5,135.1
2013,5,167.9,107.4874276,129,147.5180001,222.4,77.3,148,371,172,148.3199154,114,203,216,155,111,152,110,253,267.7,148.6,132.1152416,195,128.4,144.4944265,85.1,171.4,128,172.3,156,115,128,220,276.5,188.3
2013,6,229.3,177.3957333,245,193.0405317,115.8,117.3,87,181,181,152.1,212,190,238,331,169,133,275,189,169.5,183.2,203.7927458,300,113.4,156.1378696,103.9,223.5,132,147.7,239,327.9,284,105,386,299.8959172
2013,7,139.7,119.6414527,64,137.6501452,151.3,142,175,138,88,78.7,143,122,153,155,66,136,120,101,199.2,137.7,118.751918,260,145.6,136.2392078,173,127.3,265,169.5,134,167.5,142,104,262.1,131.5
2013,8,78,157.034689,107,212.9082016,168.3,196.7,212,288,241,225.3,183,112,137,310,267,244,167,188,154,223.8,206.2025253,182,117.4,204.4180442,229.5,174.5,247,156.2,356,512.1,473,766,536.9,566.7
2013,9,105.6,111.3469498,112,149.5237855,138.2,106.7,83,100,196,170.6,174,121,53,67,61,84,79,66,126.2,151.5,126.3062554,100,32.6,116.3919222,130.7,108.8,241,70.7,204,222,136,306,421.8,197.1
2013,10,225.3,116.5804961,61,123.991425,264.4,22,362,218,69,84.4,195,51,126,135,87,183,59,157.2,179.4,93.3,123.6147074,80,266,170.655639,220.7,64.4,165,139.1,156,266,148,195,185.2,172.4
2013,11,72.6,73.31850883,167,87.77383083,128,117,136,138,119,75.6,221,25,105,132,166,205,119,159.8,65.2,135.8,85.50037813,136,168.7,151.4825271,202.5,122.3,150,70.2,171,118,149,166,204.2,192.4
2013,12,32.54763004,33.97073476,18,41.04589896,105,43.4,51,22,66,14.9,24,35,26,48,25,52,13,66.1,55.3,6.2,26.10646196,30,8.9,31.22014893,5,9.1,76,32.1,39,88,68,102,49.8,37
