year,month,26055070,26060020,26070110,26070170,26070760,26075010,26075040,26080070,26080290,26090630,26095230,26100070,26100300,26100400,26100780,26100830,26105150,26105160,26105230,26110040,26110150,26110160,26110230,26110290,26110300,26115040,26120180
1981,1,75.1,38,10,15.41651836,40.58722503,6.7,14.3,28.33471794,12,14,8,0,2,27,8,8,3.4,1.5,38.36733107,11,46,19,2.2,6,12,4.6,7
1981,2,123.7,67,82,80.41624034,72,60.37651347,118.1,142,118,83,86,67,65,157,54,57,132.3,89.2,102.0206854,36,88,90,38,47,54,38.5,68
1981,3,106.5,145,176,123.7459481,30,109.2884627,139.7,128,79,67,153,147,120,172,103,115,149.1,149.8,130.2376144,90.06080331,107,135,62.6,55,133,91.4,213
1981,4,304.5,201,339,282.8734071,170,258.4,190.5,228,265,201,291,283,258,303,242,240.7018507,267.9,141.9,243.9351447,230.5667067,255.5,281,188.9,131,182,142.5,197
1981,5,273.0337342,176.2,363,260.7219265,244.7,191.1,171.1,237,267,206,293,155,290,279,205,179,305.9,256.3,247.6044875,183,282.8,219,210,136,133,148.6,276.4677475
1981,6,125.2375254,72.2,87,24,20.7,64.2,71.4,40,150,34.5,79,56,90,141,128,114,105.3,132.9,104.8222034,106,128.9,134,79.4,91,64,103.7,211
1981,7,20.7,114.8,67,27.90762794,21.5,17.6,16.5,52,57,37.7,59,42,120,65,89,126,42,38,47.21982529,37,130.3,176,74.9,93,56,102,63
1981,8,78.2,61.4,90,52.14705311,52,54.1,22.9,164,86,77.8,65,109,125,119.9,116.2,118,125.5,141.3,123.0058173,70,128,91,91.7,37,91,48.6,163
1981,9,91.9,22.3,80,31.98771634,14.5,45.4,56.6,35,97,73.3,112,93,165,98.3,116,58,133.2,81.2,58.73843372,64,77.4,93,51.2,57,95,95.1,164
1981,10,151.4,202,218,169.0778299,105.5,120.7,123,129,155,132.6,153,209,180,130,169,179,184,73.4,150.616161,131,153.2,163,165,271,162,152.7,113
1981,11,141,148,225,191.4850713,213.7,221.1,160.8,89,55,62.7,155,179,120,130,66,170,157.3,105.5,190.6334418,130,168.4,175,68.2,65,80,99.5,142
1981,12,142.9,61,49,81.50669784,65,41.8,92.1,85,123,64.5,90,25,20,143,99,28,97.3,53,119.2554295,115,76.1,167,98,34,50,65.6,144
1982,1,178.1,112,141,190,71.8,112.9,72.8,60,45,47.1,51.97467433,119,97,89,75,114,132.1,142.5,117.895563,89,94,93,59.6,65.97028535,62,69.4,135
1982,2,157.2,191,203,147,112.7,98.4,100.8,85,129,132,113.5774076,48,100,164,54,29,107.2,166.6,119.4939141,116,85.7,62,70.9,75.78166421,36,90.9,78
1982,3,181.1,132,247,228.5,109.6,129.9,174.9,157,52,177.6,121.8293629,110,93,99,55,161,101.6,157.8,135.1353361,59,99.8,99,44.7,44,90,82.8,118
1982,4,325,238,360.2006888,309,320.3,210.7,182.2,187,122,103.8,176.4489005,91,90,265,110,155,220.3,109,221.7318933,141,151,156,105.6,81,138,93.4,212
1982,5,94.1,93,314,147.6006457,73.8,111.7,78.5,188,128,112.8,168.1577567,144,285,233,166,189,176.1,116.9,176.9866548,114,266.7,330,166,198,180,224.1,207
1982,6,60,2,430,33.24816199,0.2,36.4,9.8,41,15,6.3,41.26024525,28,120,40,63,55,32.8,48.3,50.75448151,59,86.8,80,28.3,68,81,39.2,35
1982,7,76.5,11,20,22.93067399,9.9,20.1,18.1,29,16,32.5,36.47459379,33,40,39,17,49,26.4,20.4,44.07475819,9,71.7,41,13.7,34,17,32.6,55
1982,8,7.6,18,4,9.519399015,9.7,7.7,8.7,0,0,0,14.46834312,2,20,5,23,4,6.4,6.1,19.60174577,8,4,22,20.2,42,32,43.2,17
1982,9,98.1,79,169,92.78681278,119.4,59.8,103.9,66,61,102.5,91.39054042,93,130,127,121,135,132.6,54.1,86.02761782,63,137.8,140,78.2,113,82,140.6,247
1982,10,153.8,192,233,197.4500303,170.3,157,77,135,214,94.1,170.9632523,264,243,301,140,145,228.1,223.3,207.7426423,145,254,107,215.7,151,109,122.3,277
1982,11,261.1,143,365,196.9013693,149.4,151.1,90.7,71,102,60.3,150.533122,135,160,152,89,43,103.4,161,227.4693357,104,97.3,76,54.6,76,49,58.4,158
1982,12,174.4,197,150,174.9660305,184.1,115.7,110,158,73,109.8,150.8106354,94,45,73,28,49,166.5,98.7,150.53454,59,34.8,42,85.66189331,52,14,39.6,65
1983,1,31.2,26,17,24.485673,32.9,4.2,20.1,8,20,79,31.1819262,21,36,7,1,65,22.6,8.7,15.92493778,0,29.2,57,14.91467353,0,36,3.8,4
1983,2,25.6,13,40,38.79274384,28.6,7.8,4.9,7,7,14.8,23.28370196,19,23,34,12,52,57,34.9,33.73924013,0,46.8,50,21.7878635,21,12,16.6,45
1983,3,224.3,277,242,218.7146164,177.6,113.2,103.1,153,170,165.2,157.5410957,95,230,112,125,115,124.8,135.4,180.9754787,67,185.4,150,94.46315995,70,83,88.1,140
1983,4,219.8,382,297,271.9844625,231.4,253.5,129.7,225,145,191.4,170.2539713,306,361,296,253,169,312.4,305.3,216.6156678,238,232.9,182,225.6141699,188,234,206.9,304
1983,5,159.3,149,105,109.0214893,109,92.6,79.6,122,114,172,199.0450266,204,205,264,128,144,201.2,165.2,156.5392565,164,142.5,155,160.7078497,215,98,168.4,285
1983,6,84.6,51,32,28.65501467,66,8.6,19.5,34,80,21.4,40.17404824,30,52,70,92,132,42,82.3,66.22634673,17,97.4,81,44.10892171,60,43,35,77
1983,7,59.2,59,31,21.096047,23,37.4,36.2,35,14,25.9,25.8320601,43,39,47,52,84,52.9,42.35643841,38.12509717,51,77.9,88,39.07079528,37,41,34.7,31
1983,8,15.8,31,11,8.099248873,0,11.4,6.6,9,8,4,27.32377651,19,132,30,14,93,66.1,29.5,41.83027631,39,75.8,59,75,71,61,27.7,15
1983,9,38.5,14,10,12.16525029,27,18.5,20,58,31,25.1,39.71647418,82,68,86,117,65,125.8,73.3,44.46416807,66,64.8,99,42,63,131,46.3,47
1983,10,167.9,66,143,145.8328975,339,67.2,49.1,118,149,97,94.2,144,157,185,89,120,73.8,126.6,188.3,127,219.6,79,72,83,90,116.3,209
1983,11,88.4,154,69,146.8307964,342,149.4,74,97,58,26.9,78,96,95,132,79,84,80.3,112.7,86.5,90,113.2,115,98,102,65,85,146
1983,12,188.2,160,242,166.7374279,315,108.2,82.9,37,75,62.6,92.2,225,161,165,136,166,166.7,117.5,123.1,136,120.3,80,162,84,48,84,191
1984,1,111.1,119,181,149.923502,340,94.1,121.7,60,115,59.1,127.1,182,141,232,70,118,196.1,171,141.4,147,80.8,175,89,73,103,44.6,140
1984,2,223.8,171,164,144.405656,136,118.7,121.4,156,120,159,153,71,173,100,133,146,110.7,219.4,145.2,141,210.7,119,179,107,92,118.5,203
1984,3,72.9,79,84,89.14233612,145,44.2,16.1,102,67,39.9,59.3,160,107,136,151,73,70.2,158.3,107.3,40,102.9,74,84.5,78,77,76.2,146
1984,4,231.5,254,258,173.0101118,160,134.4,106.9,131,130,146.7,138.5,252,272,325,241,190,262.4,93.9,220,159,105.4,229,163.5,121,197,151.3,300
1984,5,189.5,108,173,156.6109855,192,108.6,69.8,116,33,67.2,102.1,162,150,234,158,222,142.2,173.9,68.8,73,172.1,196,93,108,171,119.3,146
1984,6,166.8,215,73,107.9954682,45,95,62.1,91,103,104.4,72.3,130,169,330,93,247,196.6,126.5,108.6,116,160.9,115,72.7,79,127,77.4,91
1984,7,107.3,105,113,53.07115423,57,35.3,18.8,100,46,89.1,99.4,92,162,76,62,251,49.7,51,42.2,78,119.3,129,76.1,115,103,154.8,162
1984,8,110.4,184,87,81,115,74.4,67.2,100,83,142.4,100.5,147,110,126,104,188,112.9,114.4,124.5,92,117.1,115,111.6,114,68,111.9,143
1984,9,287.1,242,230,211,278,168.3,103.8,173,203,148.6,220.1,175,145,151,133,236,105,136.3,177.5,135,313.9,170,89.6,109,137,131.8,149
1984,10,269.7,273,302,189,293,144.9,124.8,129,229,142.1,237.1,195,252,322,200,304,247.3,196.6,240.4,213,410.9,334,175.2,233,229,203.8,440
1984,11,177,206,170,111,206,69.9,89.1,167,119.7045839,190.9,96.1,156,142,147,118,211.4,188.9,203.5,170.1,160,284.3,197,193.2,169,97,152.3,238
1984,12,84.1,76,109,98,263,140.6,73.2,35,72,106,64.6,96,66,90,46,47.8,98.5,47.2,104.2,63,111.2,90,76.7,44,41,47.7,87
1985,1,126,220,96,113,164,50.8,61.5,61,64,47.7,57.1,69,74,98,36,71.9,169.1,59.9,81.7,43,104.2,65,35,18,32,41.4,117
1985,2,21.5,136,10,12,84,5.3,19.3,17,74,50.5,20.3,5,53,24,4,15,9.8,15,7.8,0,32.2,14,21.6,22,66,12.3,101
1985,3,166.3,212,135,84,100,118.1,103,161,263,112,236.7,104,125,94,135,104,152.3,174.8,159,139,177.7,221,100.9,125,152,127.9,157
1985,4,110.1,159,117,55,116,31.5,63.6,47,58,64.2,103.8908015,6,170,146,24,96,78.2,87.3,132.4,33,165,132,36.7,115,95,122.6,60
1985,5,95.4,254,90,101,111,65.7,70.8,121,152,166.7,129.3,85,168,103,103,98,144.4,110.8,79.9,154,205.6,124,102.9,93,87,89.6,126
1985,6,96,51,11,123,45,17.9,43.9,81,46,55.3,76,36,55,57,80,73,138,167.2,64.5,84,49,61,17.5,63,31,23.9,26
1985,7,35.3,37,13,26,18,54.3,20.9,27,72,39.1,24.7,52,56,75,47,72,71.2,109,59.3,50,56.8,33,19.3,30,48,42.3,86
1985,8,61,75,57,58,65,30.7,68.6,78,125,137.6,118.7,73,124,198,87,155,152.1,93.3,103.5,75,126,101,117.2,115,75,136.9,164
1985,9,270.4,205,229,147,221,92,136,145,202,191.3,176.6,149,215,116,93,221,108.1,218.9,191.8,88,113.7,157,114.6,89,139,132.6,182
1985,10,191.3,113,260,206,255,105.8,128.8,156,100,136.5,121,89,87,100,65,116,109,169.8,97.1,72,193.8,132,63,62,40,59.2,126
1985,11,196.2,157,155,83,146,66.7,94.9,73,125,113.5,78.3,117,72,179,69,158,180.7,127.5,118.5,98,171.1,81,79.9,103,63,71.5,173
1985,12,67.7,43,127,74,24,36.8,55.5,30,73,82.6,55.3,45,36,53,29,66,86.3,126.7,237.6,17,58.6,34,40.5,34,35,26,105
1986,1,188.8,100,144,246,257,70.7,77.8,71,52,113.9,30.6,73,183,109,124,72,91.8,114.5,135.8,126,99.5,128,103.5,139,85,84.9,210
1986,2,147.4,214,218,170,222,108.8,65.2,63,144,37.3,93.5,60,76,180,73,121,174.5,152.3,142.7,45,96.8,104,81.4,112,61,108.6,165
1986,3,145.7,51,74,54,105,99,148.2,79,110,120.8,121.8,82,178,147,169,161,119.2,174.1,122,67,169.5,121,68.2,155,82,128.8,173
1986,4,280.5,279,204,125,247,156,122.7,170,191,102.5,182.4,178,191,183,179,121,244.9,172.6,322,148,148.5,138,133.5,174,120,181.3,240
1986,5,122.7,200,74,16,65,87.9,102.6175474,80,84,65.5,51,150,207,143,99,106,115.7,183.2,56.6,140,131.9,103,192,168,113,156.2,168
1986,6,166,44,49,0,45,43.8,88.5,65,85,32,87.7,96,181,202,97,102,134.1,116.3,47.6,87,112.8,204,59.2,68,66,95.7,182
1986,7,3.7,8,6,0,7,13.5,25.8,3,0,30,2.2,22,11,2,4,9,2.3,26.4,8.4,2,8.8,19,30.3,30,5,45.6,0
1986,8,60.9,37,20,4,35,64.4,32.6,14,48,47,55.6,37,81,85,81,108,91.2,74.7,76.7,26,131.4,150,54.1,59,108,102.8,96
1986,9,92.3,112,41,4,91,82.6,58.3,61,77,110,118.6,90,82,127,128,86,108.4,112.7,149.6,91,158.5,134,142.1,64,37,68.1,83
1986,10,297.2,249,270,316,285,207.5,193.8502611,199,237,167.6,358.9,231,124,394,220,333,352.2,208.7,186.6,172,220.5,213,160.4,128,133,109.9,455
1986,11,172.9,112,73,149,93,89,102.6557722,60,59,98.9,160.1,124,79,126,66,277,119.6,151.6,233.8,57,113.6,142,42.8,150,40,85.9,204
1986,12,15.2,40,50,19,5,34.5,3,17,66,14.5,55.5,0,30,0,2,10,14.8,32.9,8.7,3,69.2,9,6,9,28,33.9,37
1987,1,62.7,36,48,37,64,15.8,43.9,23,56,20,86.5,20,80,60,53,36,42.2,25.2,27.8,29,34.8,38,19.5,34,38,44.1,26
1987,2,43.6,45,69,54,57,32.8,56.2,76,49,26.3,66.2,27,65,29,17,47,31.2,85.1,36.8,9,39.8,66,19,11,96,28.8,35
1987,3,114.5,135,226,179,156,130.9,137.1,71,135,35.5,64.5,25,140,84,120,171,149.4623975,116,138.6,39,124,86,52.4,115,71,105.6,226
1987,4,198.3,127,119,176,299,114,104.6,109,151,91,107.8,179,154.1107921,197,137,132,237.7,87.3,157.5,137,96.2,85,101.4,98,58,105.1,373
1987,5,116.7,75,208,121,329,77.9,140.5,72,96,105,137.6,129,100,284,125,188,262,233.4,211.4,108,216.1,80,116.2,113,39,128.5,252
1987,6,51.9,8,20,12,1,66.1,26.6,15,25,80,31.7,29,0,55,25,50,43.27957151,13.6,25.5,33,36.7,52,17.8,33,28,38.1,35
1987,7,69,31,110,36,33,25.6,21.6,45,65,117,54.3,105,120,162,95,131,95.21750237,80.3,77.4,109,113.8,165,77.9,142,174,180,162
1987,8,36.3,46,50,41,52,42.8,44.3,18,27,20,28.2,61,10,33,40,85,47.67130523,28.2,51.3,42,54.2,73,34.1,37,88,52.9,47
1987,9,119,166,155,73,176,149.7,90.7,84,71,96,65.5,170,80,214,142,190,141.2376508,101.5,113.8,104,96,246,105.5,183,113,140.3,192
1987,10,310.9,126,307,99,352,165.4,129.3,101,169,108,177.6,197,37,238,178,85,200.0727282,131.1,254.8,111,55,187,137.2,156,149,109.2,208
1987,11,251.1,100,148,67,124,75.3,61.1,72,12,40,74.6,197,65,100,26,57,118.3705288,68.7,84.5,42,7.1,55,49.1,82,43,45.7,169
1987,12,67.7,120,161,65,82,30,31.6,41,39,40,25.9,53,71,36,49,108,49.39754415,65.3,79.3,54,21.8,51,46,18,35,31.1,67
1988,1,55.7,63,155,25,42,35.91015115,44.8,22,19,27,22.4,52,21,34,18,85,40.09492571,47.5,73.9,20,41,56,1.5,3,13,16.5,84
1988,2,106.7,89,180,86,123,67.54981049,52.2,46.75083315,36,77,50.2,86,93,81,25,140,75.9116012,113.2,67.4,56,83,70,13.5,42,43,67,146
1988,3,72.7,15,50,70,48,39.82762516,35.5,17,43,40,37,55,38,53,33,65,61.53761498,44.1,34.3,19,38,70,58.3,51,38,34.5,68.67377036
1988,4,175.3,186,380,163,239,183.9639748,226.3,160,282,171,226.5,211,28,272,198,270,223.2202696,182.3,257,218,264,235,152.3,191,165,196,401
1988,5,82.8,118,170,71,98,83.58956592,105.2,71,36,12,50,151,72,92,104,265,104.3046479,88.8,92.9,124,168,81,74,111,35,156.7,177
1988,6,126.2,77,273,182,132,81.81725846,72.69197803,91,97,66,100.8,104,142,163,103,90,125.056248,112.6,97.2,128,73,88,138,142,82,163.7,287
1988,7,73,59,155,5,142,53.30577176,39.9,58,66,76,99.4,41,83,89,119,224,97.59233467,73.9,94.3,76,143,66,132.5,58,104,87.1,147
1988,8,105.7,107,172,76,106,67.8711735,50.6,72,123,73,78.6,91,163,129,163,249,117.8717702,93.8,76.2,56,268,293,79.2,132,171,168.6,79
1988,9,110.7,93,193,130,140,69.04475521,47,57,146,108,116.1,199,195,114,148,226,139.0201397,145.9,89.9,88,108,146,82.7,166,191,103.2,195
1988,10,123,75,230,160,191,124.8820696,122.4,87,139,82,85.6,101,110,171,197,191,171.2505689,87.7,148.7,95,154,135,134.5,221,135,155.9,259
1988,11,275.5,287,409,338,391,203.8461857,164.1,168,203,153,262.7,172,148,195,173,249,275.5707513,245.1,246.3,246,167,182,135.5,207,107,148.8,178
1988,12,180.1,73,133,162,166,103.5205131,63.6,31,67,84,104.1,147,98,182,116,144,181.3482796,109.7,90.3,206,124,101,74,52,60,70.5,279
1989,1,98.5,137,135,65,66,80.50540393,74.9,64,106,53,80.2,130,103,93,77,152,113.8330113,112.5,100.1,27,102,129,56.2,54,40,28.3,127
1989,2,87.4,103,165,153,84,83.40306459,47.1,52,104,91,15.7,30,78,41,95,193,80.3,50,74.2,102,110,90,123.9,113,61,132.3,88
1989,3,100.2,192,126,87,116,110.0217491,55.3,109,113,98,67.4,151,168,124,83,209,120.5,195.4,162.7,56,171,142,49.5,107,84,144,82
1989,4,151.7,94,176,55,107,108.3047069,73.4,93,32,98,72.2,87,144,123,95,110,128.5,125.1,122.1,137,59,63,51.1,91,62,50.7,68
1989,5,201.9,113,126,132,137,123.9866005,108.7,84,93,119,164.7,140,67,227,63,130,166.3,131.9,140.9,79,101,138,64.7,72,68,121.7,105
1989,6,82.3,8,2,16,36,39.28981444,107.6,61.59775228,73,101,85.9,66,50,138,45,165,60,134.2,102.2,29,129,121,51.5,23,63,72.2,136
1989,7,21.5,7,82,46,98,34.20190171,2.4,34.02710998,90,38,66.2,101,38,95,74,73,58,19.8,35.4,74,37,70,59.5,165,64,116.2,73
1989,8,48.4,52,131,19,45,49.75469672,31.9,42.43493613,36,28,33.4,50,85,102,87,59,118,56.4,29.3,101,60,107,67,49,52,72.3,176
1989,9,52.5,77,209,99,178,83.8694056,45.4,97.14460004,162,81,65.1,80,128,126,124,142,118,114.2240522,109.9,101,230,113,119,106,93,94,213
1989,10,230.7,101,167,90,233,121.3921826,86.8,133.8449803,199,171,228.5,142,175,171,91,220,186,108.7,161.9,134,284,187.9654437,111.3,129,83,111.3,303
1989,11,97.1,90,152,104,247,114.3647855,64.7,101.4495823,90,107,51.9,91,84,55,101,36,138,180.9,112.8,56,120.7668123,103.3400205,58.7,96,31,58,50
1989,12,208.9,42,128,133,47,82.52777921,74.5,68.52957147,133,74.21269691,85,43,79,43,70,118,99,163,84.8,55.54332645,78.76082407,79.11781989,52.5,94,34,36,49
1990,1,68.3,85,96,111,87,62.96912746,82.7,84,97,78.30633439,97.6,59,47,85,48,86,76,129.2,70.6,71.48318132,108,109,43.5,55,87,89,36
1990,2,177.8,170,167,174,441,113.0406459,64.5,85,105,0,78.8,135,71,81,43,30,55,119.6,124.2,84,56,56,43,51,58.00166329,46,140
1990,3,155,96,113,168,162,94.41293552,61.9,115,79,58,97.9,85,116,84,105,120.960553,106,89.1,75.1,82,198,73,110.5,102,64,111,172
1990,4,148.8,123,157,171,229,141.7813315,91.6,93,134,97,127.9975671,59,179,152,102,43,145,56.8,94.3,93,153,162,29.5,147,107,88,148
1990,5,30.3,16,31,34,86,39.20214784,26.5,18,85,35,107.5,80,124,84,23,121,94,37.7,38.3,38,135,101,34,54,71,92,97
1990,6,54.8,68,49,0,21,34.00185255,35.3,26,44,31,34.3,32,88,90,38,30,51,47.2,17.2,38,107,49,34.5,48,26,30,112
1990,7,33.7,21,39.98711842,31,62,26.2253826,24.6,69,60,33,49.2,58,61,75,134,116,115,44.1,70.9,88,82,80,86.5,49,81,58,56
1990,8,11,0,30.67973345,53,29,24.968945,24,83,27,16,31.9,21,58,42,23,78,77.1,49.8,22.3,21,97,62,13,20,49,78.5,48
1990,9,26.6,0,147,32,17,41.47693725,2.3,74,69,23,52.3,98,157,105,71,94,150,86.6,82.8,73,83,83,71,131,60,116.1,126
1990,10,235.1,262,495,251,363,203.4731234,167.6,169.2644461,170,215,157.2,192,319,339,242,279,267,250.2,238.4,196,154,199,138,191,141,144.9,343
1990,11,124.2,137,107,135,144,80.85194067,78.4,96.63755174,215,147,122.4,90,82,85,78,56,102,42.5,33.9,22,47,110,43,77,72,82.5,109
1990,12,218.6,74,170,183,213,127.739617,63.5,72.08377653,161,84,81.4,100,60,56,39,113.4097088,172,84.5,156.2,94,115,84,57,85.74355404,77,53,152.3027567
1991,1,9,7,49,32,119,23.94054882,15.3,0,29,26,44.3,11,25,18,12,25,13,30.4,54,33,72,23,6,0,4,12.5,67
1991,2,104.4,14,44,75,80,32.28473761,10.2,40,5,69,46.3,53,109,55,50,73.81334592,57,52,68.8,24,93,56,40,115,82,71.3,43
1991,3,134.6,190,187,190,214,150.5090377,139.9,137,120,77,99.9,179,149,208,74,193.4,147,151.2,142.8,113,221,164,63.5,51,52,40.7,157
1991,4,88.8,107,158,133,223,121.589773,108.1,88,81,115,61.3,186,105,119,106,192,98,109.4,97.8,119,143,133,87,117,65,102,117
1991,5,213.6,148,136,137,166,113.8023781,126.2,187,107,116,143.9,85,181,201,129,93,188,200,66.1,107,209,192,152,112,105,208,208
1991,6,60.4,70,16,29,96,40.81731283,15.9,49,21,5,45.1,63,102,74,72.5,52,59,86.8,36.5,63,99,156,72.5,98,39,92.3,50
1991,7,90.6,58,68,38,63,40.91834715,84.8,23,45,52,65.2,83,117,88,84,91,83,65.8,47.6,56,82,68,74.5,135,88,96.2,134
1991,8,13.6,4,15,156,13,17.90279519,35.9,10,27,35,37.8,17,39,0,26,56,24,14.6,55.2,29,48,64,8.5,5,36,49.6,25
1991,9,127.6,194,220,71,161,81.52393369,73.7,63,123,103,93.8,100,146,136,115,205,121.1,174.2,143.1,119,138,178,180.5,46,85,42.1,154
1991,10,114.9,79,157,107,79,91.07238273,65.2,46,27,85,96.1,90,39,71,11,102,57.3,58.2,46.5,91,55,69,16.2,79,106,89.8,173
1991,11,118.8,69,107,75,263,86.40572973,49.8,86,74,40,87.7,247,147,281,90,96,299.9,127.6,244.7,78,122,84,114.6,118,48,130.6,192
1991,12,32,17,32,0,86,59.17714768,21.3,49,65,40,54.2,47,55,129,145,51,111.3,57.7,84.5,38,117,69,59.7,25,19,45.6,67
1992,1,14.8,30,76,67,105,20.4,17.1,11,10,43,67.6,21,19,83,38,10,13.2,39.6,68.4,33,20,78,44.8,12,11,1.6,39
1992,2,179.8,77,119,93,70,87,50.5,36,70,60,55.5,60,165,63,120,119,103.1024904,42.5,61.8,93,138,86,71.6,164,180,204.2,156
1992,3,50.3,23,23,48,39,24.8,58.1,46,63,53,66.6,34,62,79,58,66,111.3065529,173.2,142.7,30,27,125,18.9,38,83,39,89
1992,4,69.4,87,170,153,111,60.3,95.4,68,113,96,89.5,77,156,160,99,85,119.2779171,109.2,124.2,114,125,104,130.1,123,119,164.7,168
1992,5,115.1,86,57,47,39,66,45.2,82,78,59,63.7,133,150,154,87,218,125.591792,134.7,51.9,131,94,86,76.1,91,55,117.5,151
1992,6,10.6,0,34,0,15,3.4,10.5,67,46,32,44.8,33,80,41,38,52,41.25866336,4.2,4.6,22,42,68,43.4,25,43,24.5,58
1992,7,18.2,15,0,15,19,22.4,51.1,22,7,5,18.6,32,87,60,105,191,46.98371078,30.6,24.2,55,76,77,103.5,46,51,61.2,61
1992,8,17.9,11,0,26,10,6.9,8.8,30,49,22,49.2,39,71,30,30,29,56.6187919,11.8,44.8,15,69,58,33.1,25,75,34.6,67
1992,9,126.7,162,190,115,142,99.7,145.7,116,126,106,112.8,67,153,84,123,129,122.7180128,97.7,177.6,119,143,251,73.7,141,72,156,176
1992,10,140.1,58,56,139,73,59,18,78,45,63,45.8,70,146,83,75,105,124.1103616,70.4,81.2,57,70,124,42.1,37,46,75.5,168
1992,11,141.9,209,286,193,370,137.1,64.6,141,171,158,165,85,123,146,77,180.041168,178.9686562,115.6,109.6,47,147,139,83.1,73,90,95.3,252
1992,12,138.5,23,105,65,93,76.8,59.8,114,136,160,176.2,42,63,45,192,96,87.41559639,88.7,129.7,29,62,58,19.6,68,43,45.3,117
1993,1,126.4,57,74,67,106,38.6,68.1,52,35,38,24.4,108,51,22,63,103,98.03974312,58.7,72.5,61,95,79,33.8,10,9,35.2,118
1993,2,164.3,98,126,147,224,130.3,28.3,59,33,62,173.9,85,96,59,31,56,82.85293281,66.6,106.2,33,78.22769209,99,25,60,56,50.5,136
1993,3,248.5,148,174,61,150,156.6125453,145,149,76,144,144.7,103,116,157,92,174,160.6282631,134.9,176.2,119,203.5008534,248,69.3,65,123,70.7,267
1993,4,247.3,226,144,154,311,151.4,84.8,103,120,112,104.1,104,139,228,217,124,203.2519982,128,100.1,147,207.0605714,183,196,172,95,172.7,217
1993,5,294.8,98,203,12.3,152,202.4,148.9,87,153,115,122.1,113,116,125,152,144,176.6352899,132.1,106,175,187.6324421,126,75,83,93,112.1,199
1993,6,22.5,19,39,5,5,14.6,3.7,9,16,63,62.6,34,90,27,20,83,26.9,51.8,30.3,43,57,113,36.4,57,91,69.8,127
1993,7,37.2,26,56,2,10,3.5,13.1,39,30,0,63.4,48,29,34,14,2.8,48.24729754,44.6,49.1,21,80,81,35,23,85,38.7,33
1993,8,49.2,49,3,4,6,10.5,9.1,3,21,31,32.4,46,32,47,124,4.2,53,39.1,61.1,7,61,38,35.1,89,75,71.3,87
1993,9,128.7,105,143,109,129,139,99.8,142,191,173,186.6,167,93,177,107,9.5,190,151.8,183.8,140,199,132,117.9,135,93,119.3,143
1993,10,89.6,68,181,48,109,73.6,102.2,57,134,66,117.5,63,220,62,12,102,142.4,62.3,89.2,58,112,157,81,163,53,102.3,80
1993,11,258.9,294,411,283,323,152.1,131.6,169,112,167.1534638,162.5,191,200,87,63,197,168,197,140.8,172,221,211,177,223,173,185.8,249
1993,12,60.7,82,120,120,116,93.3,62,67,64,79.89565133,61.1,142,68,128.9257667,5,101,99,52.8,59.8,47,101,97,52.5,86,72,133,110
1994,1,192,75,145,89,94,74.4,116.2,80,74,77.31522157,116.3,72,82,132.0599544,14,161,196,123.5,146,70,134,97,71.06346882,51,41,73.4,209
1994,2,224.2,89,131,77,45,66.1,114.3,108,111,131,115.4,94,133,114.8224881,93,160,78,42.4,79.6,87,111.6970505,131,102.2667211,47,50,73.3,110
1994,3,272.2,265,187,209,254,233.7,127.1,167,136,100,208.7,175,231,210.4492677,82,158,230,269.4,177.3,91,151.3238821,130,87.7,134,142,92.8,239
1994,4,216.5,317,384,235,354,262.9,177.9,159,118,184,193.9,158,191,201.5253988,52,115,200,177.9,164.9,158,170.5819401,150,104,170,120,135.9,230
1994,5,214.0353175,186,342,152,135,109.9,52.5,89,165,135,131.6,172,153,161.4399215,141.8465768,139,107,108.9,194.8,88,73,118,159.8,83,72,96.1,114
1994,6,6.7,20,40,24,0,38.5,20.4,45,44,16,46,23,76,58.21308329,50.32304686,42,75,17,26.3,27,64,73,65.1,17,17,47.9,31
1994,7,62.6,44,22,10,26,11.8,15.9,33,38,15,30.9,6,67,28.61278794,34.10343315,25,8,51.5,40,14,48,52,8.5,58,50,62.4,9
1994,8,30.5,8,20,0,14,12,9.5,52,17,35,77.6,42,101,52.28894065,59.0696291,62,15,47.9,40.8,28,77,157,47,165,104,119.2,44
1994,9,70.5,98,120,32,138,46.9,36.2,80,84,122,125.8,78,44,91.83873514,101,40,92,37.6,64.7,84,88,113,26,56,122,87.7,51
1994,10,183.7,110,497,162,257,148.5,179.6,156,179,144,258.4,192,201,235.170246,125,138,176,250.8,250.7,173,207,170,123.6,187,126,159.7,306
1994,11,222.1,345,499,238,170,231.3,109.7,167,20.9,247,196.6,169,210,196.868431,279,169,295,168,154.7,113,215,201,142,122,98,161.3,336
1994,12,78.8,101,168,55,167,59.7,25.9,59.27327671,10.8,71,92.8,39,36,13,59,10,74,34.6,43.1,54,166,28,38,45,68,38.4,137
1995,1,89.3,22,60,56,75,34.1,10.8,4,12,2,30.2,4,4,2,0,15,20,29.2,55.7,0,24,26,5,24,0,22.8,21
1995,2,12.6,0,79,72,23,13,11.9,8,15,37,13.3,17,26,27,35,64,30,42.7,20,39,48,48,28.9,21,19,2.4,87
1995,3,171.7,167,234,107,112,78.4,111,108,70,63,133.6,89,206,269,89,144,256,153.8,173.4,74,275.4,112,152,80,120,124.6,192
1995,4,151.8,147,163,79,194,89.6,64.1,179,134,238,282.1,209,202,250,179,211,271,308.2,202.9,226,180,222,222,255,185,246.6,304
1995,5,204.9,89,113,65,141,60.4,66.7,30,66,130,98.4,125,164,70,86,118,168,107.6,89.5,102,323,175,94,84,105,86,200
1995,6,172.6,150,23.6,91,162,75.98679247,56.1,69,56,22,87.3,99,82,118,74,107,112,86.8,45.4,106,82,103,73,104,74,68.6,183
1995,7,135.1,54,85,241,121,68.8,43.3,111,107,145,119.3,118,152,196,19.1,156,139,114.4,73,91,109,251,149,139,160,115.5,137
1995,8,21.5,12,110,44,34,67.1,9.5,74,41,30,89.9,24,125,50,82,97,44,38.5,37.2,96,96,100,70,37,101,24.9,106
1995,9,49.7,65,180,103,132,63.1,97.9,142,128,112,122.3,26,112,76,75,115,9,101.2,108.4,54,130,130,57,65,62,73.2,97
1995,10,157.5,171,297,186,282,174.4,145.1,133,167,161,187.2,221,96,113,259,108,253,185.1,165.8,219,161,106,150,126,122.4,122.3,184
1995,11,100.5,112,195,116,101,110.3,48,62,103,78,96.9,86,66,156,108,68,136,174.6,123,58,95,50,61,25,6,6.6,142
1995,12,192.7,40,220,60,111,63.4,26.9,62,122,71,103.1,93,82,116,90.5,101,153,68.6,78,61,95,59,48,35,53.4,44.5,99
1996,1,85.5,154,242,70,105,54.7,32.3,35,46,29,34.6,28,67,85,61,63,58,91.5,161.2,76,161,83,34,32,35,84.9,85
1996,2,83.6,232,147,126.6,103,111.8,71,88,64,30,82.7,92,221,87,58,174,35,121.1,101.8,53,119,83,53,94,108,84.7,151
1996,3,161,247,364,275,208,176.6,153.829689,144,118,130,119,73,160,205,173,171,122,181.5,124.9,193,265,118,124,122,77,80.9,237
1996,4,214.4,132,210,151,150,164.5,118.5,97,114,113,137.4,92,130,228,127,122,255,258.4,158.2,118,316,141,174,189.1,145,135.5,231
1996,5,129.6,112,185,98,247,149.5,126.9,140,204,94,181.1,103,294,294,192,246,150.8,169.3,124.1,104,338,248,104,204,160.2,195.2,198
1996,6,79.9,52,123,38,87,158.4,43,65,83,32,132.6,119,211,278,134,158,89,63.8,48.5,295,157,123,124.1,122,103,95.6,135
1996,7,65.7,41,73,39,27,58.5,25.3,75,86,34,68.2,46,90,32,81,38,96,126.2,79.2,71,81,68,95.4,22,66,36.5,122
1996,8,9.8,28,170,77,103,56.2,28,44,17,37,66.6,108,105,173,131,77,130.9,84.2,63.9,145,124,175,89.6,135,110,123,72
1996,9,130.7,109,168,129,81,114.7,67.8,141,55,39,114.6,96,108,189,130,58,73,56.9,115.6,59,51,81,156,102,92,80.5,131
1996,10,45.2,196,164,148,127,111.5,97.1,124,122,59,130.2,221,154,294,141,73,176,298.8,207.9,167,154,112,98,125,96,163.7,256
1996,11,132.7342382,81,149,72,206,62.2,59.5,67,96,39,116.3,47,130,100,113,88,150,46.3,74.3,103,107,113,93,88,79,58,185
1996,12,163.2,137,167,56,289,66.2,39.5,86,51,68,55.7,69,99,64,66,78,47,24.7,37.4,141,152,82,96.6,68,33,59.8,168
1997,1,206.3,161,305,331,297,133.7,33.2,128,74,118,154.4,212,141,261,120,156,196,183.6,106.6,82,91,68,96.1,92,65,85,228
1997,2,68.8,43,110,53,63,19.9,52.2,37,107,41,57.1,25,56,90,21,35,36,52.1,94.6,13,99,114,76.9,81,142,57,103
1997,3,146.5,167,175.5,168,205,101.4,96.7,134,130,96,127.5,113,151,99,144,117,90,139.9,150.9,113,153,108,140,182,117,117,165
1997,4,237.9,210,259,136,195,121.1,196.1,142,123.1723845,84,171.7,77,152,292,187,190,189,190.2,131.8,151,120,168,153.8,100,102,121,228
1997,5,137,108,77,58,124,39.8,35.6,60,57,64,85.2,64,119,108,119,88,94,102,79.4,70,161,179,62,66,66,84,123
1997,6,203,96,165,137,95,115.4,108.1,119,164,122,125.2,138,215,152,79,87,95,134.1,112.5,112,142,90,129.1,137,90,152,147
1997,7,3.7,0,0,0,0,0.2,0,13,0,5,19.2,6,25,0,31,12,10,0.4,5.9,17,5,16,26,24,65,53,1
1997,8,7.5,3,0,0,2,0,0.1,0,5,0,35.9,2,18,34,0,8,0,1.1,4.7,0,0,1,0,5,1,3.1,5
1997,9,128.6,110,102,62,105,86.1,41.9,83,78,90,137.6,123,170,136,107,228,97,52.3,54.7,99,147,175,127.8,197,113,162,223
1997,10,82.2,117,152,106,179,57.9,56.8,146,109,129,146.7,56,157,68,102,161,136,100,81.8,3,76,69,35.7,53,99,54,121
1997,11,231.5,192,250,154,151.4,222.4,161.4,117,133,121,235.5,112,159,127,228,156,155,104.1,287.2,277,144,99.1,144.5,190,93,136,223
1997,12,3.6,22,37,50,10,24.3,15.4,22,0,46,27.2,0,65,34,3,33,7,10.2,55.3,9,40,32,4.4,5,23,14,39
1998,1,17.7,23,21,15,18,12.8,0,9,7,0,25.3183473,16,49,26,8,10,10,16.4,27.5,2,9,27,10,6,10,11,43
1998,2,117.8,152,100,59,72,64.2,32.3,41,57,25,53.6,109,132,123,90,115,94,122.4,136.5,98,55,106,68,48,84,45,101
1998,3,80.4,136,238,119,134,89.2,64.5,80,70,139,161,124,134,116,88,156,179,93.9,203,122,186.9,120,94,103,38,63.3,272
1998,4,269.1,141,224,157,162,172.4,181,133,99,95,59.1,236,222,252,197,195,187,115.3,96.8,155,192.3,213,134.9,161,206,210.9,220
1998,5,167.3,199,181,161,238,144,145.4,146,139,141,183.6,110,287,229,245,212,209,152.8,142.6,257,303.7,222,205,194,167,187.3,233
1998,6,89.4,100,78,33,58,53.2,66.7,41,16,67,42.7,81,107,108,108,103,63.8,50.9,46,60,124.5,69,65.3,65,65,58.9,38
1998,7,100.3,57,44,6,63,33.1,22.4,72,15,41,15.8,169,82,174,123,90,84.31945849,55.1,37.2,144,53.6,121,109.9,93,59,66,147
1998,8,109.6,33,84,17,29,57.3,43.9,71,51,64,73.2,5,98,51,91,99,35,63.7,76.7,57,129.5,41,56.5,132,93,92.3,140
1998,9,165.7,131,148,153,157,125.9,132.4,164,214,103,111.4,86,223,82,195,133,199,201,179.9,138,155.4,168,121.8,182,169,107.1,166
1998,10,104.4,91,73,83,68,70.8,32.8,84,70,67,70.2,225,172,85,151,128,163,178.7,150.7,111,137.1,138,82.5,141,112,98.2,220
1998,11,94.7,93,125,126,164,215.5,152.1,103,125,121,148,193,161,166,53,132,191.4,115.9,187,184,97.7,210,112.1,136,209,132.4,178
1998,12,116,60,82,84,109,76.8,76.8,53,21,29,32.5,92,49,127,72,87,155.5,126,141.9,192,38.3,97,68.2,116,54,67,139
1999,1,134.6,116,126,142,232,124.4,75.3,44,63,84,90.1,71,89,88,54,110,143,162.4,177.6,93,114.3,110,29.8,52,93,49,88
1999,2,304.8,183,317,215,288,144,147.6,139,208,214,234.4,230,154,200,173,310,346,170.4,253.6048121,190,210.8,195,172,172,166,133,258
1999,3,159,100,172,185,126,127.3,54,43,59,122,98.16384859,165,158,56,92,199,144.4,75,140,68,80.6,128,90.5,162,93,164.6,226
1999,4,206.7,120,223,230,217,187.5,224.8,168,255,176,131.2,179,156,210,158,259,202,144.6,134.9,251,291.4,206,181.7,205,131,201.2,174
1999,5,171.1,44,95,129,133,90.6,86.3,71,92,79,129.5,63,166,180,132,204,104,115.7,98.9,89,177.5,159,141.2,158,161,180,174
1999,6,119.2,134,71,48,61,61.8,65,101,36,53,77.7,207,175,139,201,100,199,73,126.4,132,187.7,155,104.7,221,136,249.1,236
1999,7,22.1,17,6,25,35,6.6,8.3,8,37,0,26.7,35,30,53,89,128,28.2,40.2,15.1,33,75.7,51,55.5,43,69,35.9,109
1999,8,89.1,70,42,52,28,32.5,55.3,70,60,39,81.9,114,79,169,81,271,180.1,46.9,66.5,39,176,101,65.5,48,108,21.6,72
1999,9,138.5,41,185,130,94,136.1,119.2,140,165.3,159,138,159,242,281,148,106,273.7,233.1,162.5,193,385.1,209,136.4,244,230,209.7,334
1999,10,184.5,155,186,61,194,97.5,157,122,153,193,259,204,225,198,193,207,259.6,190.6,175.4,126,318.7,172,134.8,138,123,96.3,224
1999,11,213.9,69,141,89,135,112.7,105.6,64,243,101,149.3,137,137,159,165,142,195.2,236.2,182.2,130,111.2,197,117.7,247,128,102.5,218
1999,12,143.8,66,164,52,133,74.5,109.6,80,48,45,58,127,121,201,79,126,189,93.7,101.2,100,148.9,100,68,73,97,60.9,167
2000,1,172.1,92,132,110,140,67.4,32.4,34,85,59,56.25046248,80,75,119,140,158,34.7,81.2,149,139,73.8,118,68,97,55,107.6,149
2000,2,112.6,299,216,146,256,172.6,97.4,48,148,94,91,106,118,141,94,117,110.3,137.6,130.5,150,204.9,103.5,120,80,63,77.1,248
2000,3,165.3,199,296,118,142,90,114.5,112,177,149,154.1,106,331,193,179,123,188.4,76.6,133.4,116,153.9,170,160,107,102,147.3,231
2000,4,142.7,152,163,136,120,59.6,82.8,128,125,200,229.2,218,170,243,168,405,236.9,178.8,150.2,131,161.1,217,147,175,83,134.5,262
2000,5,228.9,181,163,108,113,183.3,163,111,93,144,109.4,153,248,265,243,204,235.2,181.3,171.5,207,287.2,178,281.3,211,203,251.9,270
2000,6,82.7,125,75,34,39,33.9,53.1,40,27,66,66.4,49,169,129,75,91,75.5,99.5,123.5,53,226.5,123,95.3,113,99,109,144
2000,7,43.4,93,14,26,38,94.3,74.8,64,55,50,65.1,11,73,43,59,98,25.4,31.1,25.5,70,73.1,90,55.2,39,53,60.3,133
2000,8,50.4,48,10,48,50,37.2,28.5,26,48,31,71.8,76,81,44,55,150,48.6,33.8,60.7,52,129.5,155,76.1,64,59,67.1,60
2000,9,192.2,85,91,79,93,95.3,67.8,106,99,47,90.5,168,166,192,164,173,201.3,69.6,106.2,96,283.9,120,164.1,135,113,133.4,212
2000,10,104,47,54,103,112,96.2,84.3,107,115,103,143.2,51,86,113,114,117,138.9334231,109.7,97.5,72,137.4,135,97.6,68,82,52,196
2000,11,121.6,119,206,138,210,91.2,85,67,113,98,142.7,103,111,132,94,95,132.1537615,111.2,161.4,110,163.1,118,55.7,109,47,74,170
2000,12,85.3,82,130,93,141,79,51.9,60,36,29,59.2,55,62,201,97,46,48,65,61.1,44,42.8,25,35.8,58,36,35,42
2001,1,139.1,128,62,127,98,77.5,93.3,31,54,41,78.5,88,103,49,63,96,86.2,57.8,93.7,18,77.9,91,17.4,11,44,26.5,86
2001,2,55.5,39,110,24,57,61.6,39.2,40,67,41,69.2,36,112,23,30,95,62,108.7,133.7,28,78,65,32.7,92,53,58.5,170
2001,3,140.6,50,262,166,162,126.9,96.5,107,124,77,120.4,140,171,177,66,128,176.1,112.2,149.2,92,219.8,130,75.7,110,60,92.5,140
2001,4,53.1,58,76,5,28,38,69.6,40,102,19,100.7754662,51,97,75,45,66,94.2,41.8,68,27,82.4,74,23.6,32,53,39.2,79
2001,5,64.8,59,120,84,125,92.5,111.5,85,72,49,132.8301585,69,201,134,169,175,188,134,163.1,141,265.5,149,141.4,173,138,187.3,159
2001,6,63.3,21,32,12,60,20.8,60.6,28,98,29,61.71667057,68,37,50,91,44,82,61.99225396,85.6,38,52.1,50,33.2,52,35,34.8,55
2001,7,29.7,32,30,25,31,23,15.5,15,12,4,35.00768914,36,187,92,174,141,61,64.28357221,46.5,40,91.1,162,118.5,135,80,102.8,49
2001,8,5.8,0,5,0,0,3,3.3,0,0,4,6.844929344,8,2,34,29,39,2,21.01067164,6.3,27,2,37,7.6,22,11,18.9,1
2001,9,103,82,176,109,197,87.8,48.7,78,92.82478783,67,107.122621,105,152,156.1600744,112,173,130,96.33518526,122.4,112,194.6,176,100,95,109,113.2,193
2001,10,72.9,20,100,37,118,37,63.4,104,27,57,114.725583,92.07110606,109.1311011,150,94.63436829,102.1731405,203.2,118.2327978,118.9,73.97895157,99.13778348,86.99921322,74.86064374,70.39748469,65.97438727,61,169.3691148
2001,11,137.5,161,152,110,297,69.1,72.2,161,121,79,134.4043778,119.4118377,163.9979535,198,126.7167506,189.4003929,178,128.86682,125.7,128.9349369,243.2485336,171.7223922,111.2792205,132.6040966,121.0675581,80.9,176.5817058
2001,12,189.3,125,197,156,147,106.9,116.3,103,104,40,129.2559641,97.89234217,120.564879,173,105.5982427,116.8910821,128,105.8884582,123.8,97.16036269,109.1565185,106.8033793,91.16590379,93.19250727,81.56034928,76.2,186.5869587
2002,1,46.4,99,33,25,93,10.1,30.1,14,4,23,50.35676223,54,21,11,50,32.49710906,54,55.77071783,21.2,20,30.9,9,19,1,1,23.8769784,21
2002,2,11.9,8,29,15,16,72.8,13.9,31,17,44,35.3,31,52,23,32,14,38.85708284,23.7,36.4,4,31.1,68,31,4,25,39.56490322,47
2002,3,220.2,193,134,192,183,149.8,81.9,101,308,234,223.4,125,86,113,123,119,153.5452375,134.6,236,107,92.5,149,84.4,74,133,101.3,183
2002,4,254.5,193,201,218,164,141.4,140.4,116,125,51,189.2,246,381,223,172,395,279.9,139.5,158.1,209,300.8,204,228.5,138,191,184.6,326
2002,5,163.9,126,92,46,59,63.5,67.8,15,37,22,18.3,36,192,129,79,152,108.7,97.84129755,65,80,123.1,69,71.4,29,89,44.8,171
2002,6,57.2,60,66,32,59,42.8,67,53,38,41,42,52,92,136,63,149,120.6,61.42800296,56.6,49,42.2,106,46,50,91,73.4,61
2002,7,55.3,10,2,20,23,22.3,27.6,37,43,90,44.3,85,69,55,101,102,106.1,50.14576466,31.7,98,49.6,139,70.1,28,25,19.4,95
2002,8,40.4,22,95,21,11,69.9,62.8,26,22,30,72.6,32,38,72,50,40,20.1,51.4319352,16.3,21,32.8,17,26.3,11,8,33.9,43
2002,9,58.7,32,84,84,170,86.9,89.8,37,76,33,55.9,111,146,168,153,100,236.1,84.38411352,117.9,128,43.5,173,88.9,114,135,112,285
2002,10,187.9,121,68,150,212,130.5,139.4,110,117,112,129.7,156,180.9511995,206.5159372,142.9713112,184.0772039,195.6,178.3374134,134.8,142.1139114,141,168.9480083,127.4,143.343298,129.0735185,135.5,211.8438122
2002,11,125.2,69,60,64,128,86.9,61.4,58,80,58,44.3,78,196,221,80,133,160.3,96.60692663,67.4,123,140,160,139.7,130,92,132.9,110
2002,12,154.3,187,149,160,148,127.2,133.5,70,150,90,111,87,50,90,52,44,132.5,112.5156443,96.4,153,73.8,72,24.9,57,29,78,102
2003,1,47.6,59,32,80,58,31.4,3.6,6,0,9,5.6,24,31,6,2,16,18.2,41.96058647,31.9,10,45.9,49,11,41,9,11,57
2003,2,73.6,72,112,133,51,70.6,53.3,27,120,61,134.3,106,38,117,79,27,123,126.1109824,171,25,41.3,26,72.6,58,43,23.3,61
2003,3,95.6,120,88,101,85,145.1,56.4,117,64,33,68.5,101,103,152,155,72,54.1,115.9453264,145.9,124,161.2,155,95.8,47,170,84,279
2003,4,178.4,130,117,254,160,236.5,158.5,119,158,150,182.9,136,313,59,178,234,154,187.1459118,212.1,157,278.4,316,86.2,194,281,159.1,158
2003,5,86.8,57,16,0,62,26.9,50.3,61,70,78,58.9,89,249,169,136,143,131.3,88.8683978,46.8,89,85.4,113,95,141,116,157.4,148
2003,6,118.1,50,36,148,83,96.5,66.7,57,144,72,72.4,160,104,88,143,118,167.8,117.5181988,61.5,107,120.3,108,75.1,101,78,100.8,312
2003,7,33.4,26,16,0,27,23.4,32.9,20,155,25,25.9,52,57,201,47,53,65.2,47.95945657,40.7,75,69.6,50,64,23,76,38.3,34
2003,8,31.7,54,21,82,47,65,57.2,39,122,82,73.5,41,110,82,144,146,70.4,83.92988901,79.93802605,76,80,86,97.9,106,98,93.2,142
2003,9,90.26809306,102,41,66,80,70.7,65.9,55,87,60,64.6,95,200,138,69,174,75.2,85.97528204,92.28669649,113,161.8,103,68.2,96,132,81.2,165
2003,10,159.4547161,154,95,247,273,91.1,184.3,214,239,82,189.6,122,155,227,196,166,139,192.7963136,213.3882281,176,142.8,144,122.4,103,88,105.2,272
2003,11,195,202,190,214,193,170.1,171.3,83,173,104,200.1,149,180,198,114,161,158,123.3,160.5778815,193,217.3,118,55.1,124,82,109.6,151
2003,12,34.9,126,149,47,182,31.8,21.2,21,78,20,55.5,77,62,71,177,84,84,64.2,101.7627449,79,56.3,59,89,44,46,59.7,119
2004,1,227.8,62,87,125,204,99.3,76.4,36,64,87,129.2,14,84,30,65,89,66,150.3,140.6,77,107.6,131,35.4,9,60,29.6,49
2004,2,40.5,17,40,52,24,48.8,15.2,17,28,33,49.2,15,31,47,12,19,44,42.96871514,41.91461305,25,44.1,25,7.7,160,10,35.4,79
2004,3,31.9,32,66,0,16,66.3,39.2,33,26,7,10.1,69,66,53,31,40,88,72.99408443,72.30376048,36,68.9,40,28.4,60,54,33.7,60
2004,4,174,204,200.1137247,94,39,126.5,82.2,109,118,125,128.2,150,210,253,130,146,246,188.7701165,208.4530337,207,124.3,130,127.3,122,228,141.5,221
2004,5,186.1,111.4138827,131.2975422,71,140,65.1,51.2,46,119,121,153,107,240,171,114,153,138.6,160.6393963,152.9910282,140,154.4,173,111.1,148,137,89.5,240
2004,6,37.9,27.10991144,16.84618671,0,8,24.3,26.5,13,0,17,19.2,27,18,41,32,11,20.4,41.394993,32.84442889,8,59.2,2,30.8,24,18,38.1,43
2004,7,70.1,36,12,23,26,59.3,42.7,33,85,63,67.7,118,136,178,125,128,61.2,74.62592679,70.62661191,50,116,112,130.8,104,133,105,102.6597993
2004,8,17.5,20,26,44,4,9.9,13.2,1,9,2,8.9,48,191,45,37,65,34,42.2416679,42.11742993,29.08022344,12.6,45,39.80696115,87,126,148.6,71
2004,9,75.8,47,81,24,63,87.8,61.8,77,139,60,91.8,100,195.9739102,154.2326064,122.894086,189.8298201,70.7,112.673526,113.4234947,109,213.7680645,180.4170357,109.0369538,141.291122,145.4384558,151.4,227.8026924
2004,10,131,228,304,174,179,143.6,112.9,151,129,164,248.2,189,207,189,162,180,196,162.8923848,183.475293,145,104.6,34,188.4,113,123,153.2,278
2004,11,199.2,156,261,192,259,134.6,135.6,128,89,169,149.8,68,211,151,79,114,109,136.3187403,160.2822389,120.7030185,208.2,91,75.5,162,152,129.9,136
2004,12,49.7,41,35,82,129,89.5,50.2,27,50,57,72.6,62.90111828,91,43,5,83,90.8,80.77013793,96.48287394,30,19.8,59,47.9832455,46,20,26.1,124
2005,1,94,72,64,160,133,34.4,30.9,32,67,109,27.1,83,65,81,34,98,65.5,74.8,69.2,73,81.4,98,61.4,75,70,95.2,38
2005,2,62,25,63,63,59,52.4,31.2,30,50,27,39,50,114,76,60,61,48.7,77.2,113.4,99,142.7,34,57,69,48,53.1,182
2005,3,204.2,84,130.8933391,98.20374776,89,94.4,50.3,68,59,101,94.3,93,137,193,136,100,189.1,120.1011556,100.8,116,173.7,128,56.9,63,108,66.5,248
2005,4,148.4,45,155.5041807,123.9911237,158,114.7,87.3,56,96.5062607,92,101.5550531,116,118,121,95,98,69.6,123.4894042,125.4,49,70.5,62,130.1,75,94,56.8,225
2005,5,163.4,191,81,163,194,159.3,103.7,154,192,95,197.4,210,186,190,217,306,179.8,182,161.4,211,238.5,163,153,99,119,129,155
2005,6,63.5,22,29,43,59,34.4,15.4,52,44,10,36.6,73,144,108,113,126,59.7,63.2,61.1,35,115.7,54,54.7,37,32,58.1,78
2005,7,42.8,18,15,0,39,19.3,42.5,25,24,70,27.1,94,91,68,63,155,68.7,83,64.3,40,223,173,103.5,41,74,53.6,56
2005,8,40.6,24,26,0,18,14.4,40.1,51,35.43477041,9,39.6,38,103,54,60,88,41.7,42,39.2,70,138.5,102,105.7,67,102,83,87
2005,9,96,58,59,56,93,58.3,46.9,52,90,44,50.9,121,203,79,74,81,128.9,96.9,135.5,60,92.8,142,72.6,87,115,105.1,215
2005,10,159.9,89,208,162,193,119.7,118.2,102,247,109,241.6,126,142,184,182,176,204.1,138.8,201.4,212,223.8,173,189.8,144,154,136.9,255
2005,11,203.2,124,167,129,212,118.8,139.2,157,123,104,92.6,175,185,202,217,132,145.5,141.5,176.1,96,209.1,128,199.3,175,131,103.9,242
2005,12,188.6,152,146.2193904,152,184,121.6,116.7,53,118,55,96.4,181,222,156,116,142,243.2,152,167,110,153.9,271,99.1,182,84,91.6,184
2006,1,193.9,53,174,133,159,149.5,74.5,37,46,41,72.7,58,66.5,143,51,159,152.6,108.5,143.3,25,176.6,359,32,75,52,78.6,137
2006,2,134.8,6,212,134,78,141.9,62.6,60,52,50,63.8,17,86,16,66,64,25.8,69.6,55.1,1,64.7,36,14.7,7,63,21.2,62
2006,3,227,150,222,189,220,152.7,130.3,63,247,188,219.8,116,204,186,102,212,223.9,245,223.9,117,124.5,116,89.6,103,115,124.6,205
2006,4,173.1,350,266,297,343,384.5,183.6,104,335,108,123.1,129,252,113,153,204,140.8,209.6,148.6,186,150.7,160,89.9,137,176,127.2,198
2006,5,95.6,128,98,232,138,88.2,133.9,70,40,63,105.4,280,234,156,127,216,137.4,110.2,102.8,109,251.8,285,188.1,153,154,168.8,166
2006,6,163.9,62.2,110,145,136,126,114.9,118,113,94,136.2,129,161,152,173,184,124.6,126.7,127.6,131,168.9,138,135.8,200,142,130.9,243
2006,7,45.6,26,16,1,29,33.2,32.1,33,30,19,24.5,43,68,50,60,63,32.4,28.4,44.5,42,116.5,65,46.3,58,102,65.9,79
2006,8,18.9,12,14,8,8,25.8,29.7,5,34,6,46.2,16,73,52.46587504,82,47,4.7,40.2,42.8,31,16.4,38,98.1,75,14,63.5,128
2006,9,16.1,22,46,17.57509751,14,10.3,25.4,37,29,25,38.4,56,92,50,41,151,58.9,52.1,116.3,70,120.6,115,56.7,27,95,44.9,53
2006,10,64.3,157,257,116,182,75.3,65.9,112,81,491,144.8,160,215,134,229,186,98.7,117,142.6,69,293.4,207,143.5,96,106,119.2,220
2006,11,199.5071588,167,343,131,367,152.7,130,105,55,84,106.7,155,211,285,204,176,151.7,116.2,147.6,177,187.7,55,171.5,82,86,91.9,119
2006,12,225,144,323,168,218,152.4,77.3,86,97,103,121.4,147,163,147,99,122,107.1,78.4,132,162,119.1,91,80.9,131,84,118.6,27.7
2007,1,75.8,89,109,58,114,50.9,55.1,46,103,65,77.75825938,29,54,46,25,68,50.1,57.9,80.4,22,43.9,96,36.1,36,18,38,126
2007,2,47,22,107,67,46,23,20.4,43,40,24,32.10435981,4,39,28.99511732,6,30,38.7,56.7,55.2,8,3,38,17,9,49,38,70
2007,3,173.7,174,204,82,155,96.3,72.4,70,83,59,103.1507745,101,144,182.1149146,212,249,120.7,154.3,131.9,201,181.1,198,110.4,357,112,170.6,377
2007,4,263,209,289,243,224.7,273.4,127.6,101,230,151,162.2388162,264,274,265.5460152,258,244,194,215.3,275.9,136,371.2,276,242.1,722,201,251.2,391
2007,5,221.3,112,188,14.6,201,110.7,93.9,133,104,71.6,91.3,172,232,250.9419586,266,220,190.4,84.8,79.6,157,185.1,152,248.2,448,161,173.5,272
2007,6,28.8,29,61,0,52,28.2,27.5,60,40,31,40.67408436,40,94,85,69,45,85.1,49.6,69.1,53,69.1,49,95.4,20,57,149.6,24
2007,7,65.3,45,89,66,42,47.9,42.6,52,75,52,69.2,122,70,92,130,175,107.4,106.1,59.8,104,118,165,127.6,147,115,139,147
2007,8,123.2,117,106,61,131,119.3,119.3,68,109,97,95.4,172,132,150,137,104,184.5,113.8,87.5,125,114.6,134,166.6,131,177,112,135
2007,9,37.9,36,42,10,27,47.3,79.3,70,70,40,44.5,68,80,113,92,83,69.2,116.7,188.4,88,81.4,103,106.7,80,75,73.1,176.1
2007,10,200.9,276,333,240,289,150.1,125.6,175,217,190,195.5,164,261,215,107.4,139,221.6,216.9,341.5,192,214,152,87.8,168,101,145.7,455.8
2007,11,157.7,143,238,131,254,82.2,108.2,51,43,53,127.5,114,181,105,46,174,111.3,140.7,110.8,50,216.2,147,56.6,78,67,98.1,157
2007,12,191.6,98,235,117,137.1,178.4,91.1,82,85,85.5,310.1,108,151,191,59,165,249.9,163.9,237.3,69,96.2,121,53,98,71,64.9,199
2008,1,97.3,132,95,59,145,87.6,81.6,108,96,56,87.4,88,86,85,66,28,111.2,136.5,91.9,18,53.8,29,27.1,53,10,69.7,97
2008,2,210.3,197,224,299,177,144.8,109.1,84,59,41,55,143,102,91,58.4,191,144.2,74.8,119.2,89,143.1,67,86.4,56,19,63.9,148
2008,3,117.4,107,182,279,247.3,91.8,71.4,64,73,117,189.9,165,119,196,105,77,244.6,242.6,198.5,71,185.1,186.6,80,85,68,69.9,224.4
2008,4,174.6,285,253,305,412,149.9,161.9,144,128,125,191.5,87,223,238,158,243,155,310.4,254.6,104.1,128.7,136,155,239,110,174.5,243.8
2008,5,256.7,254,244,459,150,251,203.6,115,166,120,150.3,187,232,240,130,211,193.1,141.1,198.3,260,247.3709074,159,132.8,129,180,111.6,303
2008,6,110.4,68,121,96,90.2,114.7,158.1,74,127,78,89,65,166,186,148,174,89.9,92.8,66.6,75,146.3305854,172,98.03620679,156,190,156.6,233
2008,7,223.6,63,58,28,67,89.6,67.6,63,69,35,56.6,100,179,182,120,61,87,90.8,88.3,63,129.8136626,160,119.1,90,169,149.1,249
2008,8,129.4,104,69,85,126,82.1,101.7,69.2,67,146,104.9,123,104,229,149,193,190.8,148.8,107.1,107,171.0153402,204,99.2,100,90,130.2,206
2008,9,46.3,97,93,71,116,25,19.3,52,55,46,45.9,48,67,89,74,191,127,110.8,61.5,19,115.6780075,184,83.2,46,44,95,86
2008,10,217.3,193,188,156,252,70.1,39,59,101,35,82.2,95,162,115,60,129,145.3,174.3,142.7,56,147.4930207,64,97.8,70,83,125.1,247
2008,11,211.7,176,159,173,215,124.8,79.2,106,97,73,70.7,206,143,295.4,89,169,247.2,153.1,155.8,158,245.7770867,219,151.5,124,147,143,364
2008,12,150.6,136,156,212,192,93.6,87.3,71,56,103,81.9,76,112,108,69,147,182.8,80.1,75.1,92,94,95,51,46,82,66.5,194
2009,1,113.2,144,73,93,194,100.9,72.2,87,74,62,124.6,55,181,142,71,168,112.1,90.4,117.8,48,89.8,123,35.7,66,60,100.8,248
2009,2,46.5,59,48,103,105,62.1,35.8,72,122,50,42.4,46,87,113,117,60,102.6,69.6,68.4,93,117.4,131,102.8,70,171,128.1,174
2009,3,278.4,242,112,393,294,206.4,124.2,135,95,148,134.4,101,136,162.4,155,108,131.8,201.5,168.7228099,22,206.9,133,86,93,62,100.7,201
2009,4,132.4,106,60,67,169,51.1,20.3,39,38,91,42.5,104,117,102,110,162,89.7,123.4,130.731958,61,132,159,65,35,72,51.6,134
2009,5,127.9,66,54,82,312,54.8,41.9,101,94,90,124.7,52,114,151,89,86,106.1,57.4,108.3963316,88,120.6,64,68.1,118,144,76.3,231
2009,6,110.7,71,91,86,55,64.4,77.3,101,132,93,46.3,87,170,176,150,185,73.7,63.1,22.1,78,175.7,184,128.5,88,110,136.5,178
2009,7,42.1,5,3,0,25,13.5,7.6,9,30,49,25,53,32,91,75,21,39.1,26.3,14.5,62,79.6,79,58.3,18,46,47.5,45
2009,8,27.3,16,16,0,23,10,16.1,3,64,81,34.77973452,26,46,13.6,129,79,23,88,69.8,89,160.6,52,72,29,43,57,83
2009,9,28.4,37,31.55426045,20,65,18.9,41.6,15,17,14,39.82201724,34,27,51,17,84,28.2,44.7,55.9,51,70,53,35.5,33,9,49.3,58
2009,10,128.8,84,196.7204862,141,141,85.1,49.7,79,155,93,146.683105,75,115,171,65,81,202,125.5,158.2,94,107.3,102,70.7,44,60,69,198
2009,11,74,75,114.5983489,124,183,26.5,15.9,53,109,113,112.1412708,17,56,40,16,113,56.2,92.68171644,33.2,71,118.8,132,27.5,51,49,67.3,152
2009,12,124.1,106,104.8044452,93.52232689,116,156.2,85.9,124,25,41,34.9,54,87,85,105,65,58.5,47.86867034,40,66,119.8,42,174,61,37,62.6,87
2010,1,2.7,7,58.63357863,160,40,4.8,4.7,4,4,22,26.02593881,2,60,15,15,14,10.5,4.6,36.16979247,0,13.1,12,12,10,5,1.7,45.04114298
2010,2,113.9,0,93.63734464,144,67,71.4,40.8,40,27,24,38.06312635,30,37,32,30,67,85.1,50.9,49.11996994,24,88.8,43,11.8,19,18,21.9,7
2010,3,70.7,27,53.17090805,90,11,23.8,15.8,12,92,53,47.74159568,64,115,164,74,83,134.8,74.5,62.49949019,77,186.9,47,33.7,54,39,78.8,123
2010,4,198.4,209,295,502,350,240.9,223.5,153,193,216,193.1982182,258,196,340,190,217,204.2,149.4,200.0719716,237,159.9,257,149.3,171,140,151.4,393
2010,5,268.8,142,131,154,253,132.9,96.2,101,100,158,131.0860073,155,236,173,195,187,117.3,139.1,102.5,254,175.5,153,177.5,155,130,154.2,165
2010,6,104.4,135,149,89,125,120.4,83.3,85,66,105,64.74283903,74,131,154,197,209,102.2267311,152.3,109.9,102,114.2,88,147.5,69,126,88.3,143
2010,7,203.4,162,174,28,142,102.6,75.6,89,184,136,95.83402861,166,239,417,161,214,257,210,144.8,180,177,206,201,180,231,156.4,281
2010,8,161.5,79,60,16,45,29.3,30.8,10,35,32,39.75460877,100,102,160,57,155,75.3,132.8,67.78894221,32,73.4,98,79.5,49,42,76.7,189
2010,9,128.8,128,75,82,195,105.6,77.5,46,81,65,94.35872011,131,159,179,222,113,175.7,141.9,80.1,175,103.5,125,172.3,114,138,155.7,157
2010,10,128.2,144,248,166,191,117.7,103,89,229,190,169.778037,159,158,259,202,161,258.7,193.4,142.9,135,153,160,160,188,102,197.5,269
2010,11,267.1,301,442,519,451,397.8,381.2,215,398,290,272.2479196,429,303,477,188,281,452.1,257.1,371.5,326,314.3,238,145.6,280,225,248.4,306
2010,12,238.1,110,324,187.4294542,153,198.3,118.6,108,89,74,114.9992138,179,166,327,219,195,179.5,190.8,177.2,227,260,208,193.1,129,121,108.8,157
2011,1,49.4,26,76,42,74,69.2,32.8,5,33,26,27.1,94,41,28,53,117,76.3,32.7,25.3,81,91,60,53.4,48,87,83.8,29
2011,2,315.6,152,275,137,462,157.3,171.4,35,91,98,105,134,129,145,102,119,235.4,213.4,234.7,91,107.7,78,86,65,141,117,222
2011,3,100.6,138,249,203,350,145.1,47.3,115,41,98,88.1,99,136,175,105,78,87.7,33.3,159.9,150,85.2,124,81.5,113,52,93.8,126
2011,4,470,326,296,426,448,228.1,172.2,186,111,151,128.5,440,256,165,413,261,305.1,304.5,270.1,377,263,249,384.5,239,332,233.5,282
2011,5,127.2,95,68,39,123,71.8,77.2,43,64,112,156.5,87,153,110,171,135,148.5,131.9,70.4,175,177,77,148.9,79,131,91.1,111
2011,6,92.5,51,45,31,64,72.6,45.8,110,37,71,46.7,77,115,107,88,206,78.6,34.3,65.1,40,194.5,129,70.7,61,68,53.8,173
2011,7,95.3,54,68,88,80,54.8,67.3,62,63,68,92.2,136,77,181,190,95,144.6,84.1,118.8,82,118.3,97,131.9,124,77,133.7,155
2011,8,25.1,44,22,34,94,9.4,6.3,4,112,24,28.8,15,54,60,96,82,48.9,66.7,27.8,47,61.9,81,44.5,33,43,31.2,87
2011,9,145.3,108,94,44,138,48.76070618,26,62,83,65,57.1,72,149,100,114,139,66.2,105.6,180.5,136,130,137,95,61,66,75.43915536,188
2011,10,165.3,222,392,255,345,193.9,98.5,120,232,129,231,166,228,388,181,181,211.7,244.7,230.1,214,220.3,252,158,218,161,218.1,255
2011,11,324.4,194,244,187,482,138.1,116.4,78,120,126,99.7,100,155,303,196,182,141.5,191.8,236.6,252,263,192,123.5,144,146,137.9,294
2011,12,202.5,196,300,162,125,142.1,139.9,78,105,73,109,97,82,406,152,118,184.3,225.9,104.9,98,265,163,112,109,39,63.8,338
2012,1,165.5,265,229,195,220,184.9,97.2,46,123,88,100.8,104,171,146,101,180,145.8,192.7,251.7,51,167.1,115,36.7,96,72,78.7,218
2012,2,58.2,141,125,110,120,82.3,104.7,18,47,81,90,69,118,57.87890591,119,74,109.1,63,122.6,70,35.9,39,68.8,41,61,64.8,104
2012,3,192.8,159,83,69,132,60.5,74.8,80,156,106,123.3,120,225,166.4824637,224,197,151.9,174.9,92.8,134,167.1,280,102.4,178,184,119,156
2012,4,237.8,227,193,141,281,128.5,132.9,129,153,202,158.3,150,267,254.8254815,245,293,211.2,191.4,192.8,117,218,241,90.8,109,245,156.5,171
2012,5,138.7,61,26,20,26,54.6,66.2,82,50,32,74.9,192,136,112.5818398,139,206,112.5,126.8,100.4,75,145.8,93,55.5,88,114,71.6,153
2012,6,41,25,30,29,25,41.1,27.5,28,80,68,49.7,26,90,64,39,89,73,72.5,33.8,28,56.1,84,21.8,35,83,79.6,34
2012,7,4.8,5,5,20,29,16,3.6,58,32,34,24.9,46,84,61,81,48,30.4,34,30.4,29,30.2,41,48.5,57,136,67,53
2012,8,22.25453186,21,67,32,9,58.9,37,64,68,68,52.6,15,104,47,69,90,34.5,78.8,89.3,63,60.7,111,34.5,54,41,29.3,107
2012,9,26.6,45,23,34,93,13.7,9.5,20,29,16,27.7,18,35,72,93,70,29,30.2,60.2,33,55.5,24,53.5,29,30,33,76
2012,10,130.6,174,296,165,308,167.7,119.2,83,188,144,165.8,133,137,152,98,142,171.3,198.7,223.4,96,114.8,107,104.5,109,95,113.3,178
2012,11,106.2,153,87,47,91,164.5,65.7,19,41,21,47.2,143,113,129,128,120,211.6,115.5,82.1,25,102.5,56,80.2,90,66,85.00413581,140
2012,12,141.9,62,130,89,58,35.9,18,36,47,24,60.2,36,84,96,40,64,84.5,56.5,44.2,22,40,24,26.5,61,51,59.44893073,104
2013,1,15.6,32,5,28,52,7.3,11.1,0,16,15,5.1,2,7,23,7,9,8.4,5.5,13.8,0,2.5,10,3.5,2,5,14.69987755,52
2013,2,137.5,186,146,131,132,80.1,75.8,109,129,93,138.1,49,115,214,133,116,110.6,116.7,108.3,17,84.3,158,53.5,127,115,90.47284909,191
2013,3,117.3,165,144,13,98,67.8,66.3,88,87,151,158.4,156,147,251,107,113,153.7,148.8,197.5,78,196.5,190,122.5,99,110,100.2100636,180
2013,4,265.8,215,174,146,231,206.3,104,59,90,130,115.2,81,137,169,143,143,174,87.1,143.6,81,181.4,149,184,104,86,101.7839357,234
2013,5,283.7,275,203,204,138,208.1,204.8,173,229,171,165.2,148,306,291,210,272,257.7,211.6,193.1,132,322.6,194,170.7,144,200,142.1382153,263
2013,6,28,11,16,4,8,10.8,4.6,35,43,32,22.9,30,41,15,0,42,34.9,43.8,37.4,9,61.3,32,11.5,43,53,41.90516577,42
2013,7,3.2,3,0,0,11,8,3.8,5,3,12,48.6,11,52,38,55,72,16.4,33.8,26.86838926,29,75,41,22.1,55,31,29.56758288,78
2013,8,77.5,35,36,35,66,73.6,43.3,41,85,61,58.3,25,167,77,82,72,57.9,93.5,76.7,82,136.4,64,56,116,116,79.90596364,23
2013,9,120.8,113,185,67,80,56.8,24.2,19,84,37,86.2,40,155,120,172,130,202.8,115.9,74.2,95,110.8,145,119.3,78,63,78.8,83
2013,10,182.8,168,155,135,157,214.5,138.8,84,85,111,64.3,73,132,147,118,137,169.3,69,83.5,80,87.7,120,67.5,109,108,114.6,246
2013,11,102,94,160,152,171,85.9,32.9,20,127,124,60,70,97,108,49,136,178,53.7,214.2,122,102.5,73,78,128,108,73.2,205
2013,12,109.5,118,113,61,71,99.8,89.5,48,91,78,146.9,127,149,227,99,118,157.4,136.3,234.1,59,114.8,124,61.5,86,53,79.7,75
