year,month,21130180,21135020,21135030,21160030,21160040,21160050,21160070,21160080,21165030,21170020,21170040,21180040,21180120,21180160,21180210,21185020,21185030,21190290,21215080,21220040,21245010,21245040,21250070,21250450,21250460,22020070,22050030,22050040,22050090,22055020,22060070,22060080,22060090,22060100
1981,1,98,58,49.0757564,76.4,68,96,17,34.9,32.5,36.0700178,59.18063667,27,30,113,7,58.9,60.5,63,10.6,60,38.8,99.9,63.4,83,64.5,72,40.5,79,46,67.1,69.6,45,10,47
1981,2,94,82.5,118.6748562,273.6,148,150,208,148.5,147.7,107.2793271,174.8274039,131,294,149,143,145.1,143.3,119,163.5,125,153.3,158.6,187.3,127,110,269,141.8,152.4,85,298.8,189.2,281,310,188
1981,3,126.6595242,155.8,129.627441,160.8,151,135,137,180.3,179.3,56.97605578,185.5983789,69,170,122,62,31.8,36.6,78,25.8,76,108.3,105.3,100.1,35,58.5,200,100.8,154.3,95,127.3,40.3,133,146,101
1981,4,193.1073618,282,199.0180557,417.6,284,152,329,303.8,252.9,282.7237541,308.0387827,395,413,299,502.1,249.9,288.9,328,239.4,229.6,255.3,268.4,271,125.7,329,547,233.9,493.8,343,305.3,193.4,476,400,435
1981,5,266.9424437,284.7,275.0653731,492.2,294,221,280,332.7,341.2,324.2055909,467.196012,400,320,347,331.9,332.7,384.2,428,278.1,259.1,324.8,394.7,431.4,301.6,298,560,343.7,359.3,317,428.2,210.4,497,656,405
1981,6,28.7830291,93,45.21380206,390.4,105,165,177,122.2,182.3,112.3347682,156.1001793,195,101,103,81.3,74.1,74.7,211,111.5023612,140.7,204.4,256.5,154.2,93,189,211,80.4,84.3,45,115.7,75.4,229,93,51
1981,7,14,3.3,19.43781149,47.1,63,46,101,83.4,31.7,14.2231185,43.61942836,36,28,23,8.7,54.6,44.4,55,6.6,16,50.1,52.7,25.4,12.5,20,77,53.2,29.4,21,87.3,5.5,106,20,0
1981,8,20,77.3,38.9862036,112.7,106,145,110,46.9,134.9,111.8026789,166.2025515,232,97,254,134.6,160.9,122.2,158,160.0195085,204.5,117.7,150.6,197.1,135.1,185,147,171.8,96.5,137,101,48,295,162,100
1981,9,13,7.4,10.2,16.2,12,134,37,8.4,55.9,28.36655243,44.6733914,177,22,57,65.1,36.4,25.3,21,37.5,171,42.7,98.5,218.2,150.9,152,91,36.9,24.5,0,43.7,3.6,72,35,5
1981,10,139,263.2,215.9,360,394,226,314,333.4,304.9,243.0941977,431.1308019,244,267,201,280.4,239.5,158,285,185.2,338,195.3,247.2,338.9,178.9,347,269,168.2,416.5,194,313.9,307.1,453,477,243
1981,11,301,152.3,529.1,328.9,545,182,257,493.4,467.4,135.7908709,374.3557503,310,187,301,206.9,111.6,132.8,519.5,60.7,126,144.1,217.3,169.9,180.7,153,381,346.9,336.1,327,362.5,375.6,481,490,269
1981,12,101,24.2,172.7,185,135,108,58,177.2,161,52.35471144,154.8521506,114,114,88,269.9,68.8,46.7,58,109.6,65,40.3,77,99,49,42,196,63,197,39,163.2,144.7,373,225,83
1982,1,104,41.9,121.4,114.4,189,12.1,211,233.1,253.8,57.82727138,122.9858215,180,11.7,64,135.1,76.7,85.7,128.5,70.8,66,56,106.2,80,119.9,68,428,147.9,303.3,64,429.2,93.7,42.4,23.9,4.2
1982,2,134,157.8,154.2,243,308,134,337,177.5,410.1,118.8135931,280.7939099,195,24.5,182,193,88.3,160,169.8597568,140.5,160,107.9,185.4,191.5,212.1,173,372,259.8,155.2,164,305.2,212.6,30,23.5,18.6
1982,3,271,111.9,142.8,344.4,405,13.7,224,288,266.8,117.4462594,205.7413793,74,7.9,160,95,202.2,99.1,163.7624479,85.3,75,93.4,129.1,78.2,108.2,65,377,259.2,281.8,139,453.5,92.8,31.4,18.7,8
1982,4,251,427.2,367.4,314.1,399,141,314,286.4,311.8,256.2136199,359.9909688,208,32.9,342,287.5,257.8,248,328.9227003,221.6,234.3,191.5,172.5,150.9,210.3,191,461,372.3,263.3,344,475.5,294.2,37.7,32.2,28.8
1982,5,129,361.9,144.5,508.4,183,11.8,288,282.5,317,258.9428004,365.6174104,348,35.9,368,347.9,235.8,239.5,341.406087,300.9,401.2,334.8,336.4,272.2,278.1,293,486,331.9,218,436,319.4,242.5,31.2,32.6,34.2
1982,6,0,21,6.8,44.5,13,5.5,31,3.2,67.7,26.06406192,35.37894705,66,1.5,18,19.8,28.8,31.2,44.00117309,14.8,67.5,67.8,52.4,139.8,50.6,72,27,0,20.2,27,100.8,52.1,12.3,16,0
1982,7,0,2.2,5.3,2.7,19,5.7,21,16,5.8,9.308528141,10.20102282,7,0,0.5,34.1,1.7,0.9,19.54792116,39.6,0,2.3,1.9,19,30.2,0,42,0.1,12.4,0,17,0.1,30,0,0
1982,8,0,0,7.6,0,2,1,24,0,5.5,1.08826831,2.47098922,2,0,0,0.7,0.8,0.8,10.05201657,1.1,10,0.9,5,4.1,40.7,0,18,1.8,15.4,1.135987083,11.1,0,6,0,0
1982,9,5,78.8,50.2,183.7,8.2,104,180,51.7,241.9,185.0781819,136.2038119,102,135.3589168,15.3,187.8,208.1,190.7,159.9302599,178.730127,404,274.5,201.3,252.5,245.3,197,224,101.6,123.5,136.7408883,94.2,103.1152494,207,118.649452,9.6
1982,10,239,273.4,282.9,451.6,43.7,136,279,496,400.9,222.8703737,418.2420616,333,322,29.9,511.7,296.8,340.9,298.401471,321.0084034,150,262.6,277.1544411,213.1,247.4,100,442,332.6,337.7,323.2229166,504,323.8150069,351,437.9268706,20.9
1982,11,117,162.9,120,309.9,11.1,0,234,154.1,187.1,107.741648,196.1790235,118,130,25.9,197.8,71.6,133.2,204.1400436,130.1,36.2,65.8,80.5,114.6,206,196,183,72.8,196.1173963,149.1226162,186.1,200.9,271,290,8.1
1982,12,91,350.7,100.6,216.2,30.9,281.2740163,280,241.1,288.6,143.3857721,320.7799796,252,125,13.9,128.9,139.5,177.1,235.13841,201.6,124.7,87.6,167.1,125.9,125,124,267,161.6,197,205.8672667,228.1,79.5,189,212,10.7
1983,1,5,60.8,32.7,74.3,139,81,176,91.2,89,39.98151421,122.6984234,204,34,200,21.2,11.5,56.6,90.37501524,32.9,35.3,100.1,87,34.8,45,51,111,99.7,91.91614422,66.08085145,107.1,77.8,142,205,71
1983,2,15,103.9,31.7,53.8,76,96,111,68.2,59.2,48.82170315,73.59238378,54,93,140,170.4,97.1,35.9,67.24035257,68.6,99,63.3,55.4,23.8,32.1,59,162,57.2,101.0697957,79.58021017,194.1,91.3,144,81,124
1983,3,167,166.7,105,171.4,179,167.6823303,193,118.7,178.7,92.47650106,178.2387618,274,104,142,175.9,73.5,209.5,133.054967,93.4,81.6,109.7873159,295.6,109.8,184.5,110,188,131.6,163.1,149,201.9,220.6,168,185.8553841,196
1983,4,220,149.3,180.6,547.8,444,562,333,179.7,414.6,294.4183164,430.8987644,301,317,317,506.4,231.8,348.1,348.6550032,315.3,216.7,247.1,321.6,302.8,284.7,257,522,468.8,211.9,274,302.6,357.2275686,464,333,175
1983,5,143,149.4,109.5,217.3,129,161.6493039,206,154,201,157.4149023,211.0131282,355.6,108,289,193.6,129,110.4,198.833433,112.1,110.2,264.1,356.7,147.5,173.1,270,300,173.5,81,156.2204723,201.9,112.3,288,249,88.2
1983,6,4,61.1,32.5,62.4,97,30,42,58.7,44.5,26.92991473,47.81843392,12.7,46,35,13.7,7.5,16.6,57,4.3,31.5,5.3,14.3,73.1,113.6,77,67,12.2,62.9,50.92837885,83.3,43.6,97,65,125
1983,7,5,25.2,87,11.7,6,23,53,3.4,19.9,25.37984657,28.59111174,26.8,3,42,39.7,15.6,4.7,11,28,63.4,51.9,48.8,89.4,84.7,88,25,12.8,13.9,26.6161047,17.1,14,78,26,36.5
1983,8,0,9,20.6,6.5,10,36,32,26.6,16.9,21.61531963,15.72939327,24,0,0,10.4,11.1,4.1,5,37.9,9.7,10,12.1,39.5,81.6,0,11,3.2,5,11.84492204,2,4.6,13,1,4.6
1983,9,13.97341658,62.3,20.2,97.9,63,34,64,121.5,128.7,55.82763576,62,118,9,82,111.2,127.3,46,29,62.7,81.5,141.6,122.4,254.2,158,163.5,14,49.3,17.4,67.14861184,20.2,3.1,53,38,104
1983,10,87,153.5,99.9,151.9,283,112,248,698.6,216.4,134.8465697,297.3,142.7,121,169,224.3,114.8,132.8,106,107.9,94.5,125.7,262.4,199.7,147.3,147,246,81.3,320.1,175.0238277,245.9,102.2,318,154,162.1
1983,11,147,99.1,254.7,374.4,222,84,247,213.1,275.9,109.1022602,154.8,226,117.0063723,145,152.5,107,70.1,190.3,144.3,255.2,95.3,147.4,274.6,72.2,56,184,85.7,228.6,86,239.5,100.6,207,284,152.9
1983,12,282,197.3,216.4,352.3,264,141,182,339.5,285.2,136.6312908,235.9,228,42,151,151.7,134.5,204.2,350.3,88.3,67.5,105.4,172.5,126.9,266.4,83,239,191.3,265.1,238,322.4,269.6,166,449,201.9
1984,1,121,120.6995441,218.3,484.5,310.2,208,352,220,235.2,67.42623333,304.7,118,71,106,46.4,139.7,91.92213099,78.2,55.2,21.5,65.8,87.1,54.7,56.9,3,363,81.8,289.3,122,374.9,139.2,314,238,104.8
1984,2,138,204.2830468,146.3,417.9,286,339,109,177.2,242.1,138.7679871,180.3,267,199,351,286.3,240.9,222.4950718,258.7,290.1,238.1,135.1,201.4,152.2,210.2,149,248,311.1,211.7,312,327.2,237.33095,426,403,210.9
1984,3,74,162.9191163,54.1,105.3,186,211,184,155.4371665,115.9,90.38169961,101.9,141,121,169,123.1,80.4,131.3752018,66.9,64.7,17.5,62.8,36.9,128.3,152.8,60,315,291,147,108,223,163,182,182,243.3
1984,4,162.3296074,165.1287614,90.1,162.3,286,160,137,201.3931271,298.8,189.2944614,388.3,285,145,264,285.4,182.4,150.468787,170.8,197.4,141.0649653,150.2,196,177.1,140.3,189,383,237,312.1,295,280.2,256.4,305,349,227.4
1984,5,182,334,150.7,336.2,268,418,282,240.4,285.3,231.0474548,319.6,492,234,364,415.7,321.7,254.9368706,328.2,298.4,114.5,280.6,228.6,385.4,276.7,185,333,326.7,292.7,392,263.1,586.2,336,312,239.7
1984,6,17,88.6,21.8,95,86,207,65,76.7,61.3,77.53739626,172.6,142,81,90,77.4,70.1,108.3153476,80.5,114.8509178,72,162.6,364.6,117.3,133.1,157,156,21.7,67.1,31,51.9,143.9,207,79,88.9
1984,7,8,68.15972549,52.2,33.8,122,135,96,91.1,71.1,15,108.2,117,51,125,109.5,132.4,86.67934835,74.3,67.36621434,217,81.3,159.5,144.4,97,90,148,168.9,202.3,87.42701757,142.1,112.4,272,128,94.4
1984,8,49,124.154584,105.9,59.1,235,50,163,219.2,171,49,141.3,300,135,108,158.5,104.6,91.41032008,51,89.4145068,192,168.6,147.5,180.5,209.7,192,141,134,164.1,128.142268,98.7,106.1,289,253,125.1
1984,9,235,238.3786307,328.7,421.3,357,166,142,199.6,212.3,216,239.6,191,140,486,198.6,321,292.6434111,202,265.4,285,193.6,178.9,371.2,260.4,195,262,325.3,268.4,238.541912,324.5,189.3,319,287,184.4
1984,10,185,248.9892781,276.7,321.4,460,196,196,296.2,308.3,78,404.2,186,110,307,129.1,57.7,172.4055917,80,126.6,134.3,93.1,151.2,192,228.2,86,451,299.2481916,330.8,179,348.4,241.1,332,549,236.7
1984,11,208,184.9439646,138.1,286.1,297,245,237,216.6,171.3,143.7,303.7,284,155,188,203.9,180.7,171.696908,177.8,270.2,210,267,288.7,158.5,250.2,160,338,123.4,269.2,214.7842398,503.7,147.5,245,352,124.8
1984,12,79,178.1182153,142.9,117.3,219,343,106,249,128.5,41,241,144,93,225,109,135.9,131.7022528,101.4,109.3407891,103,116.1,77.51704302,76.7,65.9,227,306,128.9,98.4,167.0070868,172.8,131.1,286,256,57
1985,1,18,0,10.5,14.6,27,149,176,3.6,48.5,0,11.9,17,0,0,34.5,0,0,3.4,0,18,9.5,16.6,38.3,45.6,2,65,14.1,46.10290724,0,63.7,1.7,272,53,15.4
1985,2,16,46.7,103.5,44.3,12,51.32463748,90,84.7,14.5,21,65.6,21.2,27,40,29.7,41.2,39.2,80,25.2,115,20.9,43.8,86.8,43.9,43,21,33.2,42.45586282,47,19.5,29.8,67,68,50
1985,3,156,171.5,124.6,154.7,184,295,226,103,137.7,17,112.7,99,58.80294174,54,40.5,35.9,49.1,47.9,40.1,35,60.8,168.7,85.2,199.2,115,112,101.1,143.2065598,79,235.9,49.9,176,128,58.9
1985,4,102,122.6,94.8,191,157,312,195,90.4,160.2,163,245.2,196,129.65328,198,165.3,202,100.4,196.5,373,342.6,182.4,211.5,215.2,180.5,173,181,284.7,196.3799359,100,136.4,223.4,365,310,103.3
1985,5,159,140.2,86.3,206.4,160,229,140,182.7,94.6,179.4792557,229.7,236,206.1847496,272,291.3,173.8,164.729239,167.5,160.7,126,200.1,270.8,115.3,120.6,71,219,270.5,156.3622286,181.1004714,124.2,59.1,272.5377888,235.1760249,112.1
1985,6,6,11.3,8.9,50.65266276,53,156,26,20.2,29.4,32.92560355,40.8,29,10.54017812,49,17.9,14.6,5.7,14.2,10.8,47,50.2,31.9,31.9,81.5,36,58,37.4,32.53177176,21.61096762,48.2,0.5,70,25,6.4
1985,7,26,15.5,17.3,26.4,31,87,83,25.2,65.9,21,119.8,44,40,42,93.8,35.2,33.71891427,26.4,35.5,74,26.9,56.3,114.3,99.9,36,133,97,36.99520022,4,39.5,16.8,285,35,7
1985,8,13,35.3,36.4,84.7,36,181,64,69.3,81.3,63,75.4,112,76,40,119.4,62.1,110.2,87.1,69.1,82,136.2,120.5,167.2,132.1,180,60,86.4,52.82861954,51,64,38.2,164,42,52.4
1985,9,120,351.4,100.4,221.5,425,234,234,227.2,233.9,140,85.1,183,262,168,223,187.3,200.3,170.2,210.8,736,263.1,226.5,284.1,208.8,317,188,202.3,219.541889,407,277.6,98.7,209,136.5,326
1985,10,275,234.5,182,505.1,363,372,242,269.3,488.8,135,483,204,109,106,282.6,167.2,222,284.7,208.6,399,262.2,252.6,138.4,215.7,132,432,193.8,305.339482,228,364.7,215.9,164,198.5,222.2
1985,11,185,133.8,118.3,315.6,425,320,171,219.9,205.9,66,200,167,165,108,164.9,95.9,218.7,187.1,79.8,90.05917551,48.8,115.2,43.6,141.8,84.34823888,259,227.8,247.1979475,196,381.7,110.7,284.1798372,183,128
1985,12,134,31.6,125.3,183.5,228,353.5,78,121.9,116.6,21,119.8,47,130,17,3.1,22.7,75.8,70.6,5.2,0,6.8,41.6,3.1,33.4,0,295,103.7,199.1373074,54,403.3,105.9,114,155,93.6
1986,1,78.18891327,109.5,68.8,183.5,121,216,175,290.8,115.8,116,189.2,114,50,150,163.4,121.6,92.64841163,138.4,194.8,119,68,143.3,89,135.9,143,125,31.6,122.3559358,149,152,120,180,77,226.3
1986,2,185.5049204,151.5,127.4,268.5,267,147,288,146.5,192.9,73,197.3,229,104,257,259.9,164.4,191.6305593,245.9,334.2,111,135.4,154.4,112.8,76.2,157,293,112.3,190.7833551,165,278.6,151.2510569,235,226,55.5
1986,3,159.7212508,87.2,212.9,193.3,464,436,158,248,397.6,39,261.6,141,42,231,70,115.2,129.9641848,99,125.6,223,154.3,139.3,200.4,66,64,285,140,210.4565614,112,198.7,69.6,306,275,64.6
1986,4,156.0613699,251.9498053,88.1,332.1,361,408,273,362,412.1,257.9,381,309,301,315,370.6,226.4,301.4437388,202.3,508.1,278,332.5,374.2,289,218.7,252.2,480,302.6,300.2413962,321,318,309.4,400,360.4,306.6
1986,5,85.48428188,203.9,84.9,148.9,237,570,262,199.8,171.1,134.3,308.3,253,241,372,188.4,231.1,207.5218309,194.9,161.3,210.506872,152.4,139.3,268.5,207,218,292,203.9,239.6745141,145,369.9,108.7,319,313.5,196.7730564
1986,6,23.23208146,58.5,38.6,50.3,63,185,84,90,43.9,71.5,114.8,160,65,76,124.7,100.3,62.67782752,41.3,128.5,95.16400606,80.5,96.8,143.6,100.6,301,200,27.7,61.55709823,81,122.4,33.5,107,35,35.97605451
1986,7,0,0.2,3,8.8,1,33,40,3.3,4.8,2,2.2,0,9,11,0,1.9,0,12.2,1.3,0,2.3,2,1.1,0,0,13,0,6.969857007,0,5.7,0,3,0,0
1986,8,0,59.7,13.2,20.4,2,17,46,29,39.6,110,83.4,78,127,66,53.9,37.7,44.04947086,66.3,84.2,85,113.5,95.4,46.2,93.5,57,48,27.9,44.85681668,5.5,26.4,121.1,118,70,35
1986,9,69.88512869,171.6,97.7,83.6,43,119,115,66.3,173.4,79.2,80.7,133,199,173,105.8,126.1,160.7202927,65.5,112.1,15,113.9,146.4540612,25.1,116.4,28,161,80.9,166.3375543,12.1,190.7,93.8,185,168,108.1
1986,10,416.100027,351.3,273.9,579,489,329,575,296.7,384.6,203.5,365.1,427,175,258.1,166.1,210.3,203.0933529,253.7,279.2,46.2,309.6,345.6,359.9,208.6,296,530,282.5,460.2309407,39.6,434.2,192.6,477,396,240.4
1986,11,96.599347,167.3,85.8,77.7,146,179,189,118.3,159.5,199.9,101.4,132,109,145,32.4,48,120.4480665,108,88.6,49,29.9,102.1,62.8,28.9,38,81,188.4,222.3821101,141.3623009,176.2,159.7,135,246,206.3
1986,12,82.40494505,183.3,220.4,41,143,143,79,19.7,84.9,19.6,62.2,123,71,100,134.4,47.7,61.2687303,40.8,68.5,59,63.4,61.1,50.1,20.7,39,142,106.1,139.3322918,65,202.7,61.3,265,131,89.9
1987,1,139,49.8,174.4,136.2,75,40,47,100.2,56.4,32.9,126.1,77,29,97,19.8,20.10339505,17.16757225,76.8,30.2,46,63.2,32.4,15.4,51,21,207,82.2,164.5255788,40,190.1,87.7,125,211,25.13910893
1987,2,52.8390569,7.2,27.3,85.4,36,42,23,27,58.6,73.6,89.4,30,30,58,53.7,84.5,55.85768357,89.3,54.3,115,57.7,47.7,99.81477631,81.5,125,83,5.9,61.11011812,83,41.1,57.1,25,80,15
1987,3,75,36,75.5,142.9,160,212.947304,272,195.2,237.5,27,78.6,84,82,68,31.4,91.5,84.15982345,153.5,60,195,76.3,72.5,104.5,85.5,153,200,200.3,194.2260652,18,204.1,63.7,253.0224273,225,61.1
1987,4,122.2581351,126.5,117.5,149.3,189.0715611,187.8446328,198,89.1,172.7,152.2,201.5,85,233,75,123.7,203.8,60.1,179.2,156.2,145,145.8282261,105.1,195.4976126,180.7,184,253,186.9,140.8,132,259.9,21.7,368,235,77.3
1987,5,196,219.6,110.1,320.9,358,544,212,197.7,155,233.7,355,145,172,296.7,130.9,180.7,207.2,243.8,210.2,266,159.1365692,210.2,123.2,117.3,122,232,182.2,121.8,307,199,81.4,187.0035797,179,261.8
1987,6,13,8.4,10.7,27.6,25,87,61,8,17.1,33.4,17.2,11,40,63,9.2,57.3,24.4,46,51.1,30,42.46476776,40,25.8,82.5,27,33,33.3,13,43,28.5,31,26,60,9.4
1987,7,16,88.3,12.5,59,88.6,175,75,154.9,117.5,75.9,70.7,147,81,95,102.6,51.7,43.7,56.6,64.1,75,168.5112444,207.3,122.9,81.6,193,100,251,78.5,55,85.6,97,197,80,81.5
1987,8,0,0.6,5.8,16.7,46.31860381,99,49,17,26.5,108.1,15.5,215,98,0,50.7,41.5,22.1,139,73.1,86,117.9885817,162.5,132.2,82.6,150,81,13.6,12.5,13,20,33,169,26,0
1987,9,29,77.9,25.3,110.1,153.2254254,130,204,55.9,95.1,124.2,79.6,106,91,62,34.6,96.1,63.8,111.5,88.8,184,115.2606661,87.5,193.8,289.8,116,77,55,76.8,80,82.9,48,81,121,66.1
1987,10,295,367.6,478.4,310.6,399,484,219,348.1,334.6,159.1,355,263,327,193,172.7,238.3,192,318,314.6,411,250.8359878,296.7,278,284,241,403,476.9,280,340,368.4,434,347,371,361.7
1987,11,200,264.3,214.9,209.2,216,320,217,22.9,402.7,106.8,278.7,81,142,138,107.4,37.6,128.7,52.5,54.9,65,90.44831344,76.7,87.97799788,62,7,252,236.8,256.6,193,323.8,314,267,200,144.2
1987,12,105,70.9,112.7,136.2,111,119,95,11.9,35.9,157.5,156.8,67,70,288,33.3,83,72.8,102.5,86,98,53.03253549,48.1,225.9,167,57,45,148.7,178.5,133,167.6,88,120,210,70.7
1988,1,100,29.1,53.4,143.5,150,203,115,17.8,179.5,40.6,172,54,124,68,31.6,36.8,25.51755165,122.6,16.9,24,46.5,66.4,65.4,17,98,259,58,236.7,41,360.2,46,202,84,77.2
1988,2,34,46.4,169.4,126.9,99.23766314,97,192,15.1,97,66.6,168.1,131,42,54,14.4,53.3,41,136.3,43,185,33.3,23.8,90.2,59,147,156,54.9,205.9,54,202,83,108,55,59.8
1988,3,43,8.2,21.2,17.3,99.65022158,81,111,153.6,43.6,9.3,27.5,61,20,35,17.1,4.8,0.7,4.8,0.2,13,3,18.4,27.6,119,10,95,0.8,9.9,20,89.8,2,53,0,23.8
1988,4,135.0647148,95.4,193.8,378.2,251.3345242,313,328,298.3,328.3,216.1,535.9,325,114,353,118.9,166.7,208.5,398.2,213.6,254,292.7,268.7,267.7,129,249,359,146.9,36.1,205,237.4,157,311,198,176.7
1988,5,32.77927116,110.1,16.2,169.7,66,147,149,92.5,48,58.9,119.7,117,67,146,64.5,91.6,116.2,118.1,65.4,135,107.6565035,159.4,117,241,104,298,87.9,71,84,93.5,50,92,110,124.1
1988,6,13,56.1,90.5,156.9,130,109,181,46.6,85.8,118.1,178.6,265,193,161,67,170.3,99.4,181.8,119.9,181,200.2,206.2614223,119.9,154,154,240,96.2,46.3,79,210.4,127,169,135,103.9
1988,7,10,138.8,92.5,115.1,126,112,151,125,73.2,75.9,44.6,207,61,187,102.9,61.7,55.8,101.8,129.7,123,91.9,113.3,81.5,80,176,96,45.9,63.2,142,178,187,8,50,67.5
1988,8,170,164,63.2,159,82,115,149,90.5,69.2,210.5,172.3,184,177,280,126,172.2,115,189.4,256.2,224,189,234.2,221.8,151,232,217,81.1,98,119,221.4,146.2691462,327,155,161.9
1988,9,53,15.3,110.1,362.7,206,270,108,154,131.8,55.5,160.0446862,233,180,229,243,93.4,66.1,198.1,126.4,136,140.8,220.6,143.2,151,191,138,183,158.6,349,105.3,137,198,158,118.7
1988,10,217,201.7,125.6,196,249,398,233,197,254,87.8,286.0134933,220,91,91,229,65.9,129.6,194.7,147.520298,125,61.7,105.2,283.7,372,178,200,228,201.8,166,266.6,145,193,306,157.2
1988,11,179,306.2,242.7,299.2,553,454,370,439,448.2,147.8,324.8,267,364,287,387,220.8,263.5,297.9,129.1,153,300.7,405.8,311.1,297,190,404,344.7,449.3,332,447,265,294,801,409.1
1988,12,146,65.3,45.2,317.7,310,369,134,303,314.4,155.4,454.2,235,268,404.4,242,120.9,249.9,140.5,125.6,199,83.6,182.6,217.3,217,164,301.1,71,293.1,125,355.6,178,259,242,177.8
1989,1,205,174.1,146.6,185,235,122,60,173,152,49.7,169.3,64,164,285,115,90.9,298.9,201.7,118.0498582,60,108,124.6,60.8,37,5,64,134.9,87.2,145,375.1,118,220,125,105.5
1989,2,192,145.7,258.9,182.9,293,142,144,316,149.5,177.8,105.7,136,74,129,117,107.8,114.6,279,103.0541792,177,68.2,121.6,105.8016791,51,78,94,175.4,144.8,119,89.8,146,141,53,96.7
1989,3,307,194.5,247.3,318,477,349,405,178,290.3,61.9,206,262,137,134,117,71.7,82.6,83.9,132.6841455,54,140.7072852,129.2,176.1869215,112,128,195,101.1,372.3,169,241.1,138,227,295,137.6
1989,4,58,182.5,101.2,126.5,80,136,132,135,148.9,79.7,151.6,160,53,55,20,72.7,221.8,54.5,59.8,94,169.6,161.1,106.9,184,72,19,167.5,100.8,192,106.6,256,280,295,229.2
1989,5,119,104.2,167.8,279.9,122,144,212,155,189.4,73.3,130,193,97,118,96,81.3,48,160.7,97.7,201,108.1,138,269.4,271,185,220,112.3,165.5,67,145.2,126,213,141,137.1
1989,6,22,86.1,26,138.1,158,100,118,109,102.6,143.3,95.2,180,79,120,205,149.7,240.2,126,220.3,125,77,108.2,68.4,42,123,149,98.9,34.5,100,81.6,111,213,75,72.4
1989,7,52,15.5,4.6,75,14,34,52,31,45.6,20.3,24.1,59,31,37,53,78.3,61,69.00725279,77.1,28,46.1,102,18.7,44,22,77,12.3,53,59,91.7,39,90,23,38.6
1989,8,20,65.5,31.8,30.2,58,41,94,41,26.4,6.2,4,46,32,57,40,56.9,46.5,48.20961171,36.4,106,55.5,82,88.8,0,144,158,55,29.5,13,76.8,46,98,85,26
1989,9,63,97.4,60.5,215.6,51,87,164,83,114,156.7,110.3,164,168,179,183,119.8,150.2,147.9521725,190.3155987,255,385.5,419,225.8,250.8424878,304,192,98,69,104,141.7,81,122,155,87.1
1989,10,140,162.8,225.9,222.6,237,203,162,337,270.3,242.5,205.3,338,216,200,352,235.2,192.9,251.1458082,143.1,270,291.6,402.4,288.2,199,362,323,357.2,212.5,201,254.5,183,349,386,244.2
1989,11,117,148.4,122.2,179.8,189,208,200,168,131.8,54.6,236.7,209,66,201,128,30.5,61.7,152.3806532,70.8,71,56.3,104,129.1,191,54,445,167.3,196.8,147.2828531,297.6,29,183,253,188
1989,12,16,49.25324445,27.9,62.3,148,157,127,84,126.5,23.7,147.3,45,6,62,47,85,36.3,3,52.9,17,15.6,28,7.6,43,0,158,34.7,18.8,4,100.2,24,71,30,3.1
1990,1,113,152.9,33.9,134.8,238.4,160,90,177,138.9,54.4,126.7,149,121,92,30,37.3,90.19174384,124,38.2,5,54,131.3,42,61,101,178,42.5,48.1,168,120,119,103,230,106.6
1990,2,151,135.5,260,274.3,273.1,178,117,125,234,82.2,277,108,112,306,77,124.5,108.6,141,94.16344026,108,65.8,118.6,66.4,107,25,277,118.8,325,177,247.4,125,195,340,111.6
1990,3,169,166.8,232.4,400.5,250.1,149,234,258,147.1,117.4,200,191,252,334,174,108.5,201,40,112.5,88,182.9,127.8,89.5,78,69,318,107,132.4,231,137,240,227,281,173.6
1990,4,147,229.1,113.3,199,257.0241815,170,125,210,209,83.5,386,90,291,314,226,176.8,248.5,217.4528776,137.7,105,138.5,182.4,159.8,132,139,407,162.5,222.6,176,279.3,255,373,320,147.6
1990,5,117,65.7,77.1,215.4,196.9530507,252,210,198,148.6,42.8,158.3,53,60,159,132,83.6,25.5,135.4117996,115.9,212,82.6,111.6,95.2,76,83,311,208.8,86.1,57,271.9,93,326,175,47.8
1990,6,2,6.3,18.9,27.1,54.84078569,90,43,65,43.5,9.2,2,46,42,44,36,39,187.4,48,62.5,40,29.7,27.8,73.9,94,108,62,40.2,44.3,0,36.8,28,0,95,5.7
1990,7,15,49.9,94.9,54.5,68.58619733,85.45364268,74,59,37.7,59,73.5,62,27,99,60,47.6,57.6,45.44650207,61.1,37,31.3,72.1,40.1,83,10,74,53.1,60.87263015,63,106.5,39,69,40,40.1
1990,8,10,71.9,3,50.4,0,13,31,28,99.5,21.5,54.6,10,51,80,51,81.9,32,63,0.3,41,44.1,49.5,33.3,31,94,66,38.9,36.16742021,50,18.7,45,73,0,41
1990,9,7,59,24.2,43.2,34,25,50,59,47.3,26,114.8,98,101,140,117,18.2,95.2,33,24.5,32,89.1,65.1,117.8,76,105,60,74.8,81.31942304,137,106.9,132,124,95,118.2
1990,10,243,252,280.2,224.4,213.4,219,189,384,456.5,280.9,446.9,258,330,446,328,252.7,188.3,281.0682275,186.9,143,131.7,254.7,277.8,265,221,488,283.3,463.2,186,403,303,467,395,285.2
1990,11,152,40.9,169.6,307.8,384,248,313,325,193.5,134.9,427.7,133,198,170,90,83.7,239.4,116.7,130.3,75,81.7,213.1,109.6,79,72,120,201.4,230.9,211,198.5,217.8,226.3531625,135,145.9
1990,12,47,130,247.9,267.6,418,258,349,291,116.5,77.3,151.8,219,78,97,174,95.7,61.6,148.3962892,65.7,155,165.7,145.1,89.3,142,77,318,144,225.6989677,126,238,103,103,186,71.2
1991,1,40,57.8,49.9,93.9,131,171,35,116,147.1,22.8,168.3,45,58,52,11,32.4,52.9,59.42529198,25.4,28,18.8,6.9,8.3,33.71681375,52,215,32.9,210.4,42,123.4,65,59,110,40.6
1991,2,54,70.4,79.5,104.8,83,88,58,42,63.4,56.8,90.9,44,28,46,76,42.4,75.6,57.98058252,74.3,47,47.1,61.7,27.8,64.73585777,22,367,59.8,312.4,48,130.8,38,182,60,24.3
1991,3,35,83,244.7,343.7,464,289,358,329,298.8,158.6,375.1,202,248,220,95,160.3,192.5,213.9504234,207.6,183,113.9,97.5,258.4,156,90,462,203.9,393.1,279,286.3,302,220,280,168.2
1991,4,107,111.6,124.6,204.7,476,176,183,250,301.6,245.9,182,236,160,264,210,123.3,231.9,213.6564036,146.9,196,167.6,140.6,163.2,100,109,233,232.2,208.8,206,131,100,262,135,224.2
1991,5,36.7,202.3,194.6,180.6,270,100,185,130,257,175,218.4,180,245,292,263,262.5,193.9,240.3058835,251.8,233,246.8,226.1,229.6,169.3,259,345,244.2,410.4,256,161.6,168,320,216,138.1
1991,6,9,97.4,23.1,80.1,117,85,91,52,96.8,151.2,102.1,138,132,148,99,110.7,143.9,134.8786308,66.6,109,113.9,146.9,253.7,223,110,172,200.9,64.8,131,115.5,92,251,200,67.6
1991,7,29,31.7,54.9,79.2,29,85,53,30,76.5,100.4,39.7,103,17,105,60,121.7,21.7,62.50969863,154.4,70,43.6,73.4,45.3,9,51,87,2,6.8,49,36.1,26,141,40,7.2
1991,8,26,37.8,23,14.6,0,11,60,33,22.7,19.8,76,64,25,18,45,31,10.3,36.03123447,39.4,32,58.7,51.5,31.3,144,20,22,18.2,21.2,0,48.8,28,47,15,3.3
1991,9,79,172,22.7,214.9,92,52,214,81,198.1,202.7,348.3,197,149,241,240,307.3,116.1,242,152,238,192.2,204.7,132,112,318,265,194.2,118.3,113,258.6,141,209,260,146.3
1991,10,101,134.3,197.2,247.3,110,183,192,66,149.4,19,250.9,72,67,140,107,82.2,188.1,73,87,77,143.8,131.2,70.7,178,38,121,69.3,118.5,78,137,55,164,70,41.3
1991,11,477,149.9,197.9,334.2,524,262,184,375,263.5,131.1,351.5,158,130,346,424,245.2,249.8,286,204,179,158.6,175.5,100.5,150,119,332,185.7,295.7,197,321.7,382,115,255,263.6
1991,12,89,114.1,180.6,186.6,340,511,202,166,150.2,76.3,273.3,67,132,96,109,29.8,25.1,188,33,13,60.7,136,132.5,57,19,265,82.1,179.4,116,294.7,139,223,375,156.8
1992,1,112,111.4,86.7,158.3,189.5,107,108,79,52.4,43.7,206.9,68,104,75,62,200.4,123.6,137,105,27,38.3,102.6,84.42195949,89,50.7,170,87.9,211.7,154,151.3,72,39,125,242
1992,2,34,35.7,75.8,170,62,93,157,110,46.9,72.5,60.3,144,78,5,117,72.8,25,76,26,51,43.2,67.2,55.6,95,38,108,46.3,126.9,57,98.8148974,17,141,175,20.9
1992,3,20,52.1,31.6,25.3,34,49,99,107,65.3,40.5,114.3,88,59,55,62,241.6,49.3,10,114,78,60.5,66.4,181.1,107,70,80,39.5,20.9,49,103.4,39,84,0,198
1992,4,197,64.2,221.4,273.6,111,175,125,168,101.4,92.8,177.3,123,241,218,123,100.7,71.2,196,100.2,120,156.3,223.8,133,167,84,242,61.3,139.8,113,84.8,124,241,140.5,88.9
1992,5,116,106.7,120.2,133.9,234,246,110,335,211.6,226.3,211.4,188,370,399,277,160.7,234.68908,213,276,72,160.3,243.1,197.8,182.1,112,198,82.8,138.9,285,97.1,216,106,145,306.9
1992,6,0,20.9,7,22.9,0,21,80,14,19.4,25.3,11,27,51,85,96,53.7,4.8,18,31,27,78.7,48.8,57.1,56,58,22,49.5,23.9,32,15.8,85,49,15,15.4
1992,7,0,122.5,6.2,21.3,25,53,45,9,27.3,10.9,37.5,36,29,99,30,25.4,63.7,139,68,10,66.1,42.1,18.2,7,15,62,21.9,40.1,210,53.5,71,53,17,80.4
1992,8,47,20.7,7.4,10.8,2,48,31,0,12.4,50.3,30.8,3,0,0,23,16.2,0.5,0,4,42,52.9,38.7,188.5,94,21,150.6,20,37.1,0,107.6,0,25,0,0
1992,9,76,107.5,180.8,102.1,152,117.9708772,114,96,220.4,181.9,75.8,105,173,214,108,198.4,155.2,149.2824215,290,136,58.5,137.6,151.8,123,115,319.1,97.5,248.9,200,187.3,110,395,361,329.3
1992,10,81,20.2,34.5,55.1,77,50,56,67,82.4,73.6,44.6,123,110,63,105,66.4,117.6,106.8631142,36,105,86.1,63.6,104,99,78,163,50.8,127.6,125,137.3,72,266,50,201.6
1992,11,243,180.3,262.2,374.3,374,365,228,398,251.7,108.3,353.6,325,223,234,144,99.3,112.9,268,113,109,86.3,146.8,112.5,191.1,31.8,340,195.8,304.8,250,171.3,239,210,421,257.3
1992,12,184,130.2,121.7,196.6,229,372,121,185,229.4,39.5,302.5,94,98,165,86,48.1,32,104,41,28,70.9,60.8,135.7,224,20.5,179,133.3,282,52,344.5,175,163,170.5,104.9
1993,1,153,88.9,105.6,230,117,299,114,125.5,156.6,66.9,139.1,128,221,73,256,163.1,143.6,171,86,117,30.2,159.5,56.4,55,193.7,245,161.5,133,189,303.8,193,61,320,156.7
1993,2,279,55.5,115,157.2,270,243,109,303,78.7,92.1,172.7,83,113,113,42,27.2,89.3,112,24,51,34,95.7,63.2,58,82,224.1,87.2,238.5,95,138.9,123,235,175,77.4
1993,3,266,161.7,340.3,147.5,261,591,135,266,156.1,179.9,241.2,141,69,158,138,149,98,142,108,139,77,90.6,92.2,76,63,312,252.3,303.8,142,328.8,228,272,295,74.4
1993,4,120,219.1,105.8,176.4,163,178,229,156.1,229.1,261.6,328,298,246,245,202,307.7,295.7,170,341,301,260,329.4,201.8,256,235,386,340,184.8,230,185.5,417,435,406,174.5
1993,5,162,116.4,176.1,219.4,366,290,323,253,257.8,170.2,239.9,233,207,283,199,255.7,279.6,254,153.3,290,189,219.5,154.4,249,299.1,402,223.3,255.4,233.5977392,265.4,295,270,206,32.4
1993,6,2,5.5,14.4,15.9,11,70,45.4,26,21.9,32.6,19.6,12,7,3,0,14.5,2.8,39,23,38,86.2,33.4,8.9,8,7,4,5.5,40.3,0,8.9,0,21,20,2.4
1993,7,5,11.7,4.5,16.4,29,48,58,15.5,49.7,0,39.2,35,41,27,18,18.6,15.6,0,20.8,8,43.3,63.4,20.2,103,26,17,4,12.5,8,16.5,7,95,0,9.5
1993,8,15,0.5,54.9,59.9,21,36,44,2,14.4,12,96.6,17,51,50,18,48,40.3,36,20.6,54.4,28.6,16,116.5,147,109,73,0,2.3,9,15.5,3,28,0,3.3
1993,9,24,142.1,53.1,195.7,147,95,122,289,269,84.4,178.7,198,107,115,136,186.9,255.8,181,166.4,206,149.4,120.2,266.9,187,235,77,174,104.9,170,143.8,16,187,125,50.4
1993,10,99,120.8,81.7,190,119,194,73,160,225,255.8,242.8,127,184,205,167,410.4,100.6,194,292.9,146,107,149.4,147.1,115,184,222.8,20.3,145.8,230,116.7,25,241,202,36.4
1993,11,366,305.7,530,359.6,405,403,418,460,287.5,166.3,277.5,201,288,346,185,269.3,231.9,271,274,151,194.7,279.5,173.8,229,92,485,338.2,419.2,217,527.1,116.2,399,234,215.1
1993,12,107,36.6,103.5,91.4,252,167,53,272,152.2,153.2,154.1,181,167,205,157,137.5,95.7,80,75.3,8,62,63,86.7,22,67,233,125.6,241.4,98,176.4,85.7,208,172.2696687,66.3
1994,1,106,186.1,115,241.9,1,159,133,195,206.7,83.3,204,128,146,163,92,219.3,182.7,82,138.2,132,154.7,111.5,185.9,70,108,326,84.6,111.8,144,292.4,106.3,352,139,163.8
1994,2,65,204.2,125.4,129.9,130,162,119,174,103.6,191.9,201.1,171,54,114,154,127.4,235.4,150,166.5,91,114.6,168.5,186.7,182,88,235,129.5,138.9,141,241,51.1,241,265,169.5
1994,3,129,260.9,87.6,166.5,181,149,267,250,112.1,124.8,219.8,219,173,210,210,205.7,136.5,295,355.3,204,181,311.8,227.1891985,264,201,411,173.5,158.4,201,283.6,208,280,519,153.5
1994,4,176,151.4,205.3,140.5,251,242,207,277.5,294.4,222.6,410.4,221,105,273,298,156.3,219.8,298,254.2,314,123.8,159.5,321.9136306,304,256,414,215.8,209.5,171,275.5,163.1,482,256,214.7
1994,5,55,158.7,96,210.3,144,143,109,324,216.5,212.4,187.5,263,290,349,385,341.6,260.7,317,344.1,318,303.4,261.3,371.2,329,253,281,94.6,213,352,174,253.8,542,240,196.9
1994,6,65,73.1,97,15.9,152,61,79,55,92.8,22.9,84.3,54,50.97422823,109,47,61.8,34.2,63,64.1,50,54.6,59.7,17.1,4,33.6,77,11.4,128.8,48,55.2,173.6,122,15,37.2
1994,7,20,8.5,25.8,16.4,0,68,52,22.20493908,23.3,27.8,20.9,95,35.94823055,54,57,96.9,88.7,23,141.9,78,94.8,72.6,46.5,57,50.1,2,0.9,13.3,9,54.6,21.8,68,10,20.9
1994,8,6,5.6,10.7,59.9,44,28,64,14,21.6,4,13.7,10,0,20,0,5,3.8,0,11.7,24,13,33.1,122.1,50,72.1,29,0,50.5,10,77.3,2.2,10,15,0
1994,9,92,123.5,112.8,195.7,82,0,132,86,143.7,166.2,194,117,82,102,75,85.8,72.4,159,76.2,105,51.7,97.2,131.4,131.4,39.4,99,54.5,188.8,181,142.3,122.4,113.0654113,75,76.3
1994,10,258,110.3,183.4,316.3,410,139,398,183,292.7,97.6,316.6,297,58.2,155,127,114,137,232,114.8,125,146.9,185.1,140.3,175,113,367,113.7,312,139,191.2,174.9,292.5944122,360,188.1
1994,11,291,288.6,452.3,281,431,389,279,340,388.7,134.6,512.3,171,315,324,264,300.4,209.6,263,218.6,124,191.9,214.1,185,169,175,231,183.4,315.4,335,433.8,166.2,323.7498967,315,245.3
1994,12,103,66.7,39.1,40.7,48,56,133,73,89.4,54.4,41.8,69,25,70,96,42.7,105.3,89,27,53,45.8,55.1,54.8,67,35,101,95,95.9,85,68.6,149.7,191.2154727,175,68.2
1995,1,67,83.1,141.4,21.4,37,13,57,42,19.5,0,39.3,3,15,101,43,61,37,26,5.8,3,14.5,7.2,0,56,16,67,12.3,84.1,78,49,26.8,75.83240479,90,25.9
1995,2,113,23.1,105,29.1,175,205,72,92,61.6,90.3,31.8,47,67,39,8,442.4,9.7,5,48,5,23.8,87.3,21.6,23,43,110,1.3,70.9,23,35.7,49.3,85.66185079,60.5,22.2
1995,3,240,82.1,270.7,181.2,333,385,169,236,241.1,45.4,237.9,81.5,105,65,18,52.6,52.1,127,28.1,69,95.3,162.6,60,118,60,286.9629185,94.8,77.8,103,260.2,86.4,231.2819319,145,1.7
1995,4,142,140.1,265.2,185.7,338.7,248,314,174,311.4,112,273.6,315.5,133,163,118,75.7,135.1,204,6.3,170,156,315,254.8,300,278,284,70.3,128.2,155,233.3,171.9,260,310,125.5
1995,5,103,123.5079208,106.4,228.9,132,257,237.7,132,185.9,56.3,251.6,124,187,191,178,142.9,67,110,114.9,226,157.4,211.6,381.1,207,223,149,107.6,94.5,131,283.7,221.9,224,190,117.6
1995,6,108,73.9,92.5,70.5,181,326,105,31.4,84.8,156.5,170.9,157,73,228,124,103.4,31.9,145,21.1,94,70.7,257.2,49.2,153,61,221,113,154.4,84,121.6,173.7,206,115,99.9
1995,7,25,54.2,26.1,73.6,69,115,86,3.6,49.5,81,66.2,169,135,126,136,95.7689337,88.6,101,91.3,131,166.4,190.1,222.3,193,273,116,42.3,70.7,58,117.1,68.9,234,65,93.2
1995,8,76,162.3,51.3,138.7,48,137,116,156,133.1,38.1,139.4,97,158,132,83,76.8,182.7,102,99.9,47,69.5,87.9,151.1,237,83,185,59.2,77.6,154,154.3,173.7,161,198,118.2
1995,9,32,138.8,31.3,86.4,177,54,98,137,109.4,70.4,140.6,181.2,78,176,122,235.4,102.8,73,108.5,93,112.9,121.3,166.6,172,159,26.1,105.4,103.8,70,50.8,144,166,160,94.4
1995,10,172,91.5,180,182.9,217,310,147,167,250,140.7,262.5,165,129,233,148,163.4,219.5,78,195.6,225,208.6,132.3,293.9,223,303,300,154.4,331.6,201,318.2,294.9,242,215,120.6
1995,11,296,106.5,249.6,270.3,384,399,148.2,350,324.1,31,249.4,76,172,177,98.1,95.9,104.1,193,84.3,89,46.5,46.8,94.3,39,84,360,119.7,261.7,156,250.1,103.9,264,152,96.9
1995,12,269,264.8,250.2,143.3,120,235,121,262,139,114,323,155,233,215,179,207.9,232.5,155,160.3,35,56.5,101.1,83.2,91,61,333,137.3,346,213.6,212.1,174.4,268,297,417.7
1996,1,140,100.9,162.3,185.5,240,319,157,167,298.6,92,326.4,221,76,162,110,48.7,62.2,158,0,18,148.2,60.4,30.1,43,71,272,100.5,206,141,228,123.8,138,210,75.9
1996,2,61,69.1,82.6,123.7,169,185,156,168,99.7,59.3,158.8,104,108,124,81,10.8,73,54,41.2,61,69.4,98.3,85.3,28,108,161,147.9,194.1,83,118.8,117.1,192,70,68.2
1996,3,219,192.6,230.6,195.2,367,279,119,288,208.6,131.5,175,250.6,171,250,258,156.8,107.1,220,181.7,79,83.7,129.6,148.9,195,97,245,364.4,305,330,251,212.7,177,225,194.9
1996,4,74,217.8,72.3,299.6,325,345,114,284,211.2,133.5,215.9,209,216,167,112,158.9,161.8,127,172.6,122,193.9,240.9,203.4,192,173,207,114.7,236.1,196,221.7,290.3,411,190,164.7
1996,5,189,374,207.2,194.7,260,344,202,170.7,228.8,170.6,342.2,192,239,279,252,275.1,283,221,154,358,267.2,336.5,303.2,364,433,262,174.8,171.9,263,211.7,411.8,416,220,333.9
1996,6,160,47,26.2,149.9,140,112,79,77.7,176,158,161.5,182,43,59,44,59.1,81.8,162,61,47,62.1,118.5,78.9,70,61,232,84.4,67.5,57,232,82.9,132,155,11.6
1996,7,14,38.2,54.3,75.7,20,31,108,26.4,36.7,81.9,10.6,54,19,72,71,52.6,18.9,54,154.5,82,67.7,91.8,114.8,60,85,71,16.3,62.7,114,20.6,47.8,35,20,11.6
1996,8,29,17.6,15,27.6,37,90,105,67.4,64.1,72.3,138.3,69,16,53,92,74.1,20.9,31,77.9,44,66.3,85.1,302.5,119,136,59,21.3,42.8,13,56.9,45.3,44,80,9.6
1996,9,22,38,43.2,114.9,31,67,119,12.4,156.6,80.6,218.4,201,55,125,157,106.1,78.6,139,131.6,118,92.9,177.5,82.8,77,114,77,36,88.8,101,46.5,35.5,49,40,71.2
1996,10,389,214.7,302.1,148.4,286,468,172.6,298.4,212.8,214.5,331.8,222,507,208,146,174.3,249.4,173,201.5,128,84.4,174.3,101,131,153,224,383.9,354.7,232,425.4,326.3,435,620,219.5
1996,11,246,97,159.7,205.2,109,409,173.2,174.9,274.2,64.7,214.2,205,195,121,102,79.1,83.2,110,143.2,146,70.3,56.3,70.3,130.2,94,87,217,198.7,123,214.9,313.5,163,388,224.9
1996,12,178,93.3,190.5,140.1,171,294,99,171,194.3,88,162.7,146,40,203,90.1,31.8,148.3,69,12,79,101.7,188.8,105.3,103,146,92,86.2,131.4,89,254,155.3,322,170,133.9
1997,1,286,220.2,230.6,193.8,255,319.3,202,194.5,272.9,46.9,275.7,70,130,102,16,50.6,97.1,112,12,15,62.7,51.9,81.9,58,37,258,83.8,98.8,105,348.3,105.7,475,230,151.1
1997,2,22,203.4,85.5,132.4,161,170,45,79.3,173.1,77.2,159,173,111,186,193,106.1,165.4,88,15,28,78.4,65.4,62.4,61,76,120,142.5,89,242,157.9,202.6,28,85,231.8
1997,3,84,122.4,60.4,156.2,83,214,287,198,117.5,121.4,64.5,73,134,43,110,209.5,17.6,72,218.1,71,60.6,120,112.8,104,127,128,64,186.4,167,135,54.2,225,65,71.8
1997,4,72,190,150.6,150.4,145,189,102,160.5,204.8,105.4,278.6,131,105,185.1,153,53.6,123.4,177,81.5,143.1,163.2,251.4,522.3,299,231,105,163.3507547,132,193,197.1,184.9,329,270,38.1
1997,5,11,18.3,11.5,72.7,62,57,97,41.4,41.6,114.3,41.8,71,127,29,89,63.6,74.5,70,132.2,70.2,249.9,116.6,343,260,241,49,73.19345373,53.9,18,75.8,50.8,99.7,81.85622512,41
1997,6,104,89,85.6,188.1,94.9,128,109,63.4,127.3,222.4,88.2,142,139,175,124,292.6,194.6,335,151.1,173,114.5,142.1,101.5,75,229,183.7,47.6,48.4,93,112.4,156.5,196.2,70,116.9
1997,7,5,0,2.9,0,38,21,15,0,4.7,0,5,0,0,0,0,0,1.1,0,0,0,0,0.1,22.4,9,6,12,0,4.5,2,28,0,0,0,0
1997,8,5,2,3.4,4.9,0,1,3,0,56,0,0,0,0,0,10,1.4,5.2,0,0,0,3.5,3.7,32.9,71,29,3,0.6,4.7,0,6.4,3.8,0,0,0
1997,9,23,29.8,9.5,71.7,93,171,98,63,74.9,111.5,0,134,17,62,33,45.1,32.6,49,105.1,124,116.1,126.1,235.9,99.7,192,146,59.3,78.4,1,63.7,64.8,116,60,14.9
1997,10,90,94.8,60.4,163.3,336,191,125,145.2,122.3,98.8,186.1,67,235,114,171.8,130.4,71.6,96,216.6,84,102.3,56.2,254.2,234,304,360,72.3,127.6,102,263.5,48,308,20,56.2
1997,11,45,72.3,39.6,204.4,127,175,168,114.3,136.7,40.6,95.9,219,176,123,124,153.6,114.1,68,66.4,119,98.9,165.9,293.9,272,254,206,189.9,258.1,224,236.4,145,112,235,243.1
1997,12,43,74.1,67.4,73,73,50,105,37.3,139.6,39.8,70.5,19,59,71,37,140.4,128.7,88,119.7,22,15.8,56.1,7.1,53,6,114,64.4,143.3,172,61.7,37.2,76,71.8,19.6
1998,1,4,16.3,28,28.2,1,0,31,0.8,8.1,22.2,19.4,46,7,0,50,37.6,16,54,42,78,61.7,131.2,225,190,144,40,54,2.9,6,35,13.9,128,33,26.4
1998,2,12,24,40.4,95.6,205,135,96,44.9,106.1,54,76.7,152,89,96,81,143,132.2,47,183.3,38,76.5,151.8,194.9,172,161,129,53,238,22,158.4,102,173,163.2,10.5
1998,3,225,126.7,168.9,238.5,309,133,148,136.7,187.5,193.4,244.8,221,73,162,84,587.4,56.5,112,221,226,171.3,169,183.2,208,134,466,102.8,197.5,118,256.3,90.7,216,169,98.3
1998,4,49,206.6,184.2,192.2,286,224,94,182.2,290.9,162.4,408.2,278,319,280,252,200.8,134.8,333,370,217,285,171.3,280.2,167,325,447,182.9,389.7,165,410,121.6,336,344.8,170.7
1998,5,46,209.8,74,284.9,245,179,152,241.7,202.1,235.9,307.6,341,187,244.9,259,182,248.4,197,311.2,134,346.9,224.2,288.5,205,269,219,184.5,222.4,353,197.5793059,165.9,191,221.5,248.2
1998,6,11,8.4,10,29.7,21.2,22,27,18,39.3,24.3,35.4,34,23,22,75,56.2,24.9,18,84.7,28,35.3,42.2,47.1,57,43,87,17,15.4,16,54.2,42.8,47,20,0
1998,7,39,38.6,33.5,33.9,20,49,69,49.5,27.6,29.7,75.6,119,36,22,16,17.8,57.9,33,5,13,143.7,106.2,173.6,195,169,85,50.8,143.3,93,61.2,32.1,35,0,78
1998,8,68,104.9,91.9,124,62,84,69,97.9,103.5,32.1,206.1,11,32,74,104,66.2,86.8,46,71.2,23,103.1,89.3,172.6,88,224,89,69.7,136.1,202,204.8,75.8,121,18,103.2
1998,9,22,60.5,33.4,149.5,28,109,85,26.6,56.1,108.9,61.8,103,45,81,160,763.7,128.2,85,121.4,120,120.2,75.9,417.7,314,271,185,80,147.7,75,99.7,88.2,202,240,84.4
1998,10,158,284.4,234.7,314.7,259,288,163.1,206,377.9,184.8,357.9,305,206,228,356,134.5,178,213,203.6,255,305.2,273.4,125.5,189,134,303,171.2,286.9,265,430.8,324.3,302,384.3,364.2
1998,11,395,205.4,309.8,238.2,303,481,210,286.9,268.4,67.2,353.3,382,203.4394282,168,262,208.2,199.6,132,182.1,72,113.6,131.1,75.4,113,148,334,190.9,300,154,302.1062526,223.9,275,456.9,184.9
1998,12,208,295.3,335.9,238.9,209,347,257,332.5,338.6,172,314.7,95,217,129,109,97.8,146.2,294,78.5,126,113,156.5,99.4,98,87,240,264.9,205.8,258,264.4,191,218,334,218.7
1999,1,48,81,28.7,169.6,145,125,219,109.4,98.3,70.3,118.9,135.5,79,152,73,39,15.9,181,39.7,124,95.9,140.4,106,116,228,266,92.8,88.5,109,219.8,112.5,354,192.3,39.8
1999,2,238,279.1,101.7,280.2,484,403,276,297.1,326.9,232.3,327.1,160,130,309,190,160,134.6,289,222.1,146,187.9,322.7,236.7,148,224,458,142.8,277.6,110,341.5,235.1,438,128,88.4
1999,3,172,150.4,51.7,97.6,276,373,82,209.6,207.6,58.2,196,246,60,99,130,198.6,89.8,160,103.6,180,139.6,141.9,129.6,69,113,324,193.3,144.1,91,340.3,246.5,177,223,164.5
1999,4,187,230.9,246.6,278.1,123,333,119,205.7,252.1,245.7,273.9,182,268,144,237,216.1,141.6,237,345,113,245.9,282,289.5,288,172,407,332.5,257,175,177,310.5,359,257,250
1999,5,180,83.7,166.1,132.8,160,196,109,238.8,61.9,82.9,144.8,103,128,138,183,183.2,164.8,141,178.2,132,90.4,182.7,202.8,95,115,221,182.1,216.2,58,237.1,167.7,197,154,227.9
1999,6,57,146.3,28.5,239.4,303,155,62,86.1,203.1,159.4,192.5,370,339,217,339,182.6,138.8,229,166.1,274,188.5,311.7,264.1,88,285,170,248.4,244.3,298,170.1,204.3,257,56.6,181.8
1999,7,2,2.8,4.1,37.6,28,20,35.5,4.6,19.1,33.1,16.8,47,70,30,14,27.8,68.7,33,25.8,18,37.5,26.5,111.8,21,79,73,0.8,0.6,6,15.9,0,13,50,1.5
1999,8,17,63.1,19.3,31.6,10,35,59,13.4,12.8,17,36.9,112,57,10,91,47.9,23.2,12,109.9,74,95.8,103.6,166.1,256.3,130,36,14,30.8,31,31.1,33.7,87,20,6
1999,9,295,152.4,262.6,89.1,347,237,194,196,180.1,224.6,220.4,264,130,222,142,165.8,116.4,138,107.9,207,240.7,267.8,175,187.8,275,253,128.4,316.5,145,274,190.9,254,207,212.7
1999,10,471,189.1,350.1,318.8,527,363,239,348.4,323,176.8,404.6,305,218,397,313,199.6,283.2,325,212.7,180,243.2,264.7,275.9,294,243,358,157.5,481.4,210,404.5,299.8,377,320,161.9
1999,11,256,89,192.7,261.1,235,430,101.4,270.3532247,374.7,62.3,216,214,122,102,179,64.6,99.3,136,109.6,144,115,195.4,174.8,175,126,354,146.9,162.8,192,174.1,223.4,173,365,19.3
1999,12,205,105.7,234.4,203.8,30,440,139,277.8,248.4,113.2,190.3,104,120,121,176.9,103.8,83.8,194,55.3,42,100.8,70.3,72.6,109,78,214,197,305.1,128,501,158.9,467,323,110.1
2000,1,9,121.2,9,29.4,159,145,73.3,58.7,61,21.3,41.1,146,102,19,73.6,41.6,38.2,42,89.4,38,97.5,116.6,39.6,19,24,275,43,112.3,91,233.3,100.2,246,20.6,72.8
2000,2,189,212.7,138.7,216.6,386,380,128,224.7,207.4,70.5,337.9,113,74,34,66,70.6,56,128,109.6,72,65.9,185.3,127.5,85,145,217,106.6,438.2,105,320.6,150.8,300,206,93.3
2000,3,242,238.4,193.3,213.3,396,344,110,342.5,269.4,101.8,281.5,190,192.8,126,168,173.6,72.6,168,81.4,95,69.2,120.4,66.2,40,69,202,168.6,360.2,83,298.1,214.7,300.9,283,183.8
2000,4,67,189.6,110.9,107.3,311.7,306,65,194.7,129,117.4,276.2,134.4,324,169,128,168.8,217.7,286,217.3,108,113.5,122.9,154.6,201,303,178,165.5,225.1,228,186.9,398.8,155,255.4757719,246.9
2000,5,144,195.8,151.5,215.3,91.3,251,79,143.2,219.5,177.9,185.4,356,171,249,322,190.9,194.3,150,247.6,346,327.7,374.6,201.3,178,196,458,154.6,162.7,145.1,348.4,306,388,388,154.4
2000,6,53,103.8,37,173.6,150,113,51,162.4,200,129,124.5,161,77,207,133,96.9,196.8,255,185.6,279,155.7,188.2,137.8,95,99,133,75.4,63.2,124,82.8,98,254,155,37.8
2000,7,80,125.6,11.4,16.2,18,41,36,9.2,57.6,4.2,43.3,58,82,9,42,18.8,51.3,25,12.8,66,115.6,40.6,117.3,103,118,57,102.2,31.2,114,67.1,75.4,124,48,97.4
2000,8,23,12.9,16.6,9.3,79,42,30,32.3,30.7,14,46.5,169,49,19,61,82.7,11.7,48,65.9,97,126.5,133.5,128.0146945,93,142,139.5,11.8,46.2,24,13.1,36.9,111,36,8
2000,9,42,110.4,98.4,204.4,36,223,80,214,196.2,315.6,232,325,216,338,170,252.1,302.6,180.6,162.2,215,238.2,218.3,239.3,199,142,209,282,107.7,180,320.2,292.8,325,173,229.9
2000,10,104,131.5,182.8,223.7,214.1,242,128,187,179,202.1,221.9,188,126,283,218,227.2,172.5,302,296.4,208,103.6,259.8,165.9,213,161,181,429.9,105.8,127,198.9,288,218,280,204.9
2000,11,119,73.3,126.6,87,96,299,82,147.3,137.6,56.3,109.7,189,153,101,72,88.6,153.2,62,114.7,147,49.1,88.3,83.1,166,169,316,144.7,203,160,195.2,141.9,138,138,163.7
2000,12,112.6,59.2,180,76.3,50,132,117,134,111.2,71.8,136.2,106,77,161,115,88.9,77.5,124,170.6,103,92.7,44.6,56.8,78,33,175,42,178.1,82,208.8,84.3,62,118,128.1
2001,1,57.2,75,52.5,49,169,91,68,79.8,39.9,45.4,78.9,44,55,181,87,30.4,72.5,35,46.8,42,45.4,19.8,89.1,41,22,190,125,131.9,60,229.5,104.1,70,121,64.1
2001,2,70.4,123.2,45,167.2,115,149,87,132.7,233.7,132,198.4,165,51,266,75,39.3,131.3,192,20,156,70.6,143.8,86.5,53,53,203,113.3,74.8,107,158.1,104.8,121,45,96.85237576
2001,3,196.8,178.8,185.9,218.5,181.7,311,81,315.3,259.2,244,477.3,131,197,305,89,274.7,153,319,228.5,186,126.6,153.6,222.1,132,292,337,112.2,238.2,216.9905298,352.8,236.5,326,342,136.3
2001,4,26.5,46.9,46,122,47,101,63,91.3,111.4,124.9,77.2,209,10,32,137,58,64.9,185,83.9,189.2,199.1,171.7,91.7,137,146,108,74.1,44.1,48,117,47.3,144,81,61.9
2001,5,56.7,144.5,157.4,141.7,226,209,121,139.4,137.5,148.3,239.4,240,220,242,207,184.1,268.7,174,136.9,46.9,100.9,121.3,198.6,222,205,220,154.8,228.3,172,318.6,199.8,337,144,112.3
2001,6,15,52.3,9,66.2,127,55,27.2,102.5,83.3,29.39242457,140.5,68,0,77,25,37.9,56.7,82,24.5,61.6,43.7,27,94,22,71,57,20,89.3,36,73,47.8,127,56,4.2
2001,7,6.1,37.3,8.2,73.2,3,99,34,58.9,57.5,34,45.4,70,85,125,60,82.7,134.3,77,135.8,29.8,130,90.6,149.3,91,134,70,11.6,86.9,126,19.7,71.8,80,1,116.5
2001,8,1.2,0.1,0,35.4,0,0,16,0,2.2,0,2.1,2,0,0,0,10,0,2,31,4.3,4.3,5.2,54.9,29,37,6,0,0,1,3.1,18.4,2,0,0
2001,9,71.2,95.8,58.3,88.9,94,153,50,74.5,16.2,71,51,133,164,127.6,178,76,158.3,102,66.9,91.4,261.9,160.5,124,144,74,145,85.6,237.6,117,144.7,157.7,213,111,145.3
2001,10,67.1,94.9,46.8,347.8,182,265,109,72.4,223.4,98,187.1,160,60,146,126,116.5,90.9,168,106.6,60.9,155.4,151,133.6,144,53,239,64.9,98.6,100,283.8,166.1,142,215,85.9
2001,11,115.9,297.5,203,385.6,338,464,132,363.2,251.5,113,228.1,279,115,147,278,231.7,305.7,247,229,94.3,121.7,155.7,117.8,152,118,560,184.4,269.8,213,357.9,332.7,285,409,181.3
2001,12,319.6,191.9,201.5,210.5,241.6,450,74,289.8,330.6,106,236.9,177,205,178,114,118.2,235.3,284,148.1,38.2,123.1,168,165.5,115,141,186,215.2,271.4,195,354.9,287.3,307,465,279.5
2002,1,36,53.5,28.3,45.3,24,47,34,11.8,20.3,30,68,61,0,50,6,60.6,96.8,19,64.9,10.7,12.9,30.7,29.8,93,67,134,17.4,49.3,100,18.7,54.6,67,81,28.1
2002,2,147.4,125,134.5,116,133,122,58,86.1,25.4,9,88.1,9,180,93,37,18.4,10.1,40,92.3,21.6,59.3,102,30.9,57,42,134,62.4,142.4,180,64.9,95.7,98,0,112.9
2002,3,157.1,394.7,113.3,275.4,378,219.4,76,294.9,299.7,191,403,266,180,316,336,300,192.7,328,384.9,90,370.2,327.2,152.9,263,189,402,272.4,319.6,285,307.9880691,351.7,229,308,279.2
2002,4,205.6,400,298,295.3,289,281,248,412.7,243.1,303,326,255,550,390,321,278.4,415.5,332,304.7,216.2,228.7,269.2,154.5,293,229,397,307.6,260,426,313.1910921,385.5,415,409.5,241.2
2002,5,131.9,74.1,197.3,172.4,194,344,132,199.2,197.4,120,158.9,115,120,120,82,158.8,132.5,215,123.3,174.8,129.2,138.8,203.6,205,219,302,140.4,216.1,75,290.9,189.1,219,259,94.7
2002,6,91.4,63.1,50.9,120.7,111.6,127,61,78.5,75.9,80,101.3,169,20,76,93,77.6,65.1,150,94.8,148.9,179.9,146,281.4,125,258,143,43.6,71.1,61,84.05194095,72.7,111,6,60.6
2002,7,45,75.7,33.9,33.5,21,43,29,24.7,10.6,78.6,13.3,62,20,19,34,29.3,7.6,8,32.5,64.8,84,75.3,41,81,68,57,41.6,73.5,49,72.63340399,84.6,88,37,36.1
2002,8,0.3,3.3,11.4,40.4,18.4,37,29,6.9,31.3,20,28.8,114,0,70,12,4.2,44.3,122,54.7,6.4,27.7,59.7,40.6,30,46,116,46.7,103.1,28,43.5,30.7,50,105,7.6
2002,9,25.8,23.5,40.5,94.5,100,76,60,15.5,69.32563233,61,35.4,213,45,57,125,111.6,67.6,77.2,129.8,98.1,133.5,117.1,170.1,182,107,182,69.5,50.5,74,70.8,80.6,153,66,31.8
2002,10,162.1,330.9,137.7,426.5,198.9,289,140,355.6,279.0402649,220,242.1,259,349,338,203,268.9,200.5,208.6,278.3,77.2,204.2,369.3,161,153,233,309,219,226.1,308,308.5,308.9,247,284.5,223.6
2002,11,49.4,233,172.9,91.4,188,187,42,215.9,163.2155369,39,199.7,138,275,68,155,118.5,213.5,122,96.8,52.5,73,100.3,28.5,56,38,339,218.5,257.6,177,197.6,221.7,202,342,132.5
2002,12,196,163.3,198,226.5,254,198,120,242.5,195.1455103,54,260.3,64,150,134,100,121.9,167.5,89,139.7,49.7,59.7,83.4,146.3,191.8,51,217,196.3,147.8,268,193.6,195,248,237,182.4
2003,1,42.4,36,27.2,13.2,124,62,29.2,69,42.4,0,40.6,23,0,74,24,9.5,13.3,9,11.5,5.1,12.9,28.1,83.7,44,25,150,16.8,73.7,11,106.9,39.5,120,17,52.7
2003,2,53.2,115.7,194.9,158.3,87,135,82,234.3,172.1,139,108.1,44,35,63,66,104.7,86.90390326,167,89.2,22.9,39.7,39.3,106,106,104,192,153.9,208.7,97,99.2,93.2,128,145,144.6
2003,3,251.6,162.6,147.4,227.4,237,332,100,145.8,146.4,262,251.1,158,40,203,78,214.4,161.1888066,248,167.8,85.6,60.4,120.5,208.3,126,218,262,130.9,315.6,111,224.7,212.5,226,482,144
2003,4,169.8,256.7,148.6,161.5,173,213.1,122,222.7,117.2,267,193,176,265,135,324,216,147,156,306.2,121.3,338.3,233.5,375.9,411,365,284,117.3,175.4,262,278.2,211,155,172,163.3
2003,5,7.8,202.6,33.4,87.6,100,46,35,72.8,94.4,54,163.5,140,80,93,102,133,64.2,126,126.1,87.2,101,84,94.1,111,218,68,178.1,50.2,134,49,132.5,96,182,147.8
2003,6,17.9,74.6,69.6,157.2,145,110,65,58,171.6,113,172.9,224,280,209,235,300.4,160.4,122,280.7,22.6,188,203.1,73.9,158,121,266,68.2,82.3,173,166.2,144.7,253,84,198.3
2003,7,7.7,26,177.6,36.2,20,4,27,51,39.6,40,22.9,26,0,130,6,15.3,44,0,25.3,27,16.7,43.9,33.9,29,45,24,36.2,55,43,88.5,23.2,35,1,18.4
2003,8,0,9.6,0.5,39,36,23,15,8.4,84,11,81.7,20,70,101,5,20,55.6,55.9,16,21.4,14.3,13.8,102.2,63,109,48,28.1,17,24,22.2,55.9,18,0,27.2
2003,9,74.4,180.2,115.7,180.6,60,119,53,111.1,107.2,116,156.4,158,40,286,229,158.8,105.6,213,184.5,146.6,154.9,120.1,241.2,113,196,311,71.1,180.7,68,297.1,190.8,169,66,101.7
2003,10,132.9,225.3,168.5,315,252,376,90,259.5,264.8,177,207.2,202,230,242,110,115.7,122,213,89.3,68.5,171.1,217.1,285.1,255,124,347,178.3,258.8,158,238.4,185.4,375,269,176.4
2003,11,265.6,199.8,252.5,289.8,267,272,69,240.3,311.5,156,417,282,140,206,139,104.1,86.9,349,90.5,39.5,214.5,226.7,72.4,311,71,374,237.5,375.8,176,260.1,169.1,169,406,288.9
2003,12,113.4,76,106.6,190,142,123,64,149.1,83.8,49,240.6,129,90,74,132,68.4,125.9,70,112.1,47.4,9.1,99.7,30.9,63,7,259,56,115.7,50,226.4,162.2,93,71,148.9
2004,1,20,46,24.7,68.3,188,72,62,57,105.8,3,114.1,137,110,80,5,56.5,89.2,42.05794183,3.7,1,10.8,74.2,5.4,86,7,180,66.01951567,92.4,33,217.7,65.4,157,106,45.9
2004,2,162.5,125.9,288.4,118.7,134,140,134,145.7,209.2,133,205.4,108,100,124,39,34.7,269.2,108.2671482,47,56.7,56.2,79.3,62.6,121,92,288,126,243.4,147,280.7,189.3,82,207,136.4
2004,3,11.3,35.7,7.9,33,41,87,121,53.9,41.7,34,41.9,35,0,33,27,23.7,7.5,37.59842769,38.1,27.9,93,45.7,48.9,61,86,115,65.2,144.2,17,68.4,89,72,0,59.5
2004,4,112.4,386.6,155,162.8,400,311,229,279.6,225.1,231,298.4,221,180,402,176,174.5,261.8,140,188.7,47.3,175.4,183.5,90.5,272,127,388,171.9,180.1,335,370.3,156.5,245.1,305,210.4
2004,5,34.7,43.2,33.8,223.9,54,84,252,74.4,116,218,120.8,285,180,87,269,223.4,150.3,356,168.6,77.1,182.3,308.5,272.3,325,306,194,44.7,88.4,102,83.9,193.4,298,246,156.4
2004,6,6.5,11.2,10,17,52,31,49,23.3,8.5,22,18.5,45,40,113,64,17,25.7,141,48.2,6.3,17.7,26.7,0,35,102,70,6.5,9.6,18,11.7,48.4,63,53,7.5
2004,7,23.6,44.5,49,106.5,64,46,52,98.9,117.5,21,113,35,35,25,31,59.9,13.8,27,68.4,41.1,69.2,53.5,116.3,134,148,129,148.6,81,157,61.1,163.8,85,101.9329956,98.5
2004,8,17.9,8.8,15.9,6.3,22,0,24,0.2,0,21,1,8,0,25,10,11.5,3.5,30,5.9,6,46.7,34,82.2,102,50,8,0.1,7.134106006,0,5.1,0,0,0,15.6
2004,9,51.9,90.8,64.9,89.6,61,52,136,72.3,110.4,169,156.8,160,86,115.5,98,169,103.4,56.5,127,98.6,90.5,144.1,189.3,152,127,92,30.2,160.8,83,135,120.2,145,52,72.8
2004,10,252.9,278.4,291.1,380.6,410,467.5,351,399.2,324.7,140,485.9,267,212,159,227,327.1,237.2,374,217.7,128.1,146.8,201,186.1,201,164,353,264.8,243.2,293,490.8,309,395,471,310.1
2004,11,92.5,101.9,390.2,200.8,366,457,538,459.9,230.4,32,212.8,107,214,233,108,54.8,117.6,67,102.2,58.1,75.9,191,147.3,215,114,407,296.7,183.6,66,411.7,170.8,292.2,330,200.6
2004,12,257,36.7,220.8,138.1,248,263,158,236.2,233.4,97,232.4,148,152,76,63,55.1,23.4,175,102.9,109.9,63.6,46.2,93.3,58,156,150,168.4,195.2,85,227.4,106.3,128,108,75.1
2005,1,46.8,73.5,139.3,114.7,144,208,107,16.3,70.7,71,111.6,156,61,16,115,54.6,55.1,60,120.4,17.4,67.5,118.1,88.7,96,147,101,52.5,103.9,92,183.7,91.2,162,235,78.9
2005,2,52.5,201.5,82.7,220.7,223,153,84,339.8,256.7,73,306.3,119,131,84,40,48.2,16.7,131,88.8,13.9,69.3,97.3,10.3,34,20,671,133.1,103.7,93,359,75.3,342,121,185.3
2005,3,123.7,182.980493,172.7,145.9,269,205,107,162.7,293.2,183,245.3,118,206,128,142.0466567,164.4,190.2,148,171.9,21,95.5,96.6,176.1,194,117,202,228.5,134,188,184.4,184.2,383,201,149.1
2005,4,139.5,27.1,156.6,162.3,142,134,59,38.1,112.8,53,79.8,244,82,16,223,77.6,59.5,107,109.8,76.5,85.5,119.9,137.1,127,205,169,105.3,118.7,59,260.1,47.6,161,107,80.7
2005,5,126.8,234.2,231.4,269.9,273,349,234,233.7,249.5,284,205.8,347,200,258,270,313.4,308.8,334,271.1,106.6,254.2,272.1,229,256,312,318,180,235.4,213,271.5,194.6,171,237,162.6
2005,6,1.1,38.5,11,37.2,19,28,7,1.3,19.7,33,6.1,51,37,50,112,82.5,11.4,71,42.9,15.1,42.1,26.3,141.5,155,169,33,28.4,6.3,97,10.5,69,12,71,61
2005,7,10.9,75.8,63.1,72.4,37,78,66.30572675,89.9,26.9,2,28.3,12,59,21,35,23.3,32.4,103,18.8,3.7,35.1,41.4,33.1,95,83,87,20.2,45,88,85.5,17.1,95,100,76.8
2005,8,13.8,29.1,24.2,21.4,14,26,53.03179249,28.3,60.3,5,23.5,28,44,15,14,39.3,22,0,26.2,5.2,70.3,50.5,78.6,159,56,23,1.1,50.3,45,27.5,7.3,96,2,46.5
2005,9,44.9,76.7,36.2,47.1,158,239,75.2770088,126.8,173.4,52,118.3,106,20,40,125,170.2,46.1,7,135.4,70,227.2,120.2,195.2,114,194,115,57.6,41.5,58,82.1,72.5,122,90,44.1
2005,10,210.3,310.2292493,319.3,535.8,467,527,215,355.7,475.7,379,350.4,120,157,431,307,239.9,239.9164647,352,195.7,86.4,167.5,240,238.8,393,159,434,254.4,409.2,322,550.8,433.3,417,419,272.7
2005,11,160.5,133.8,194,240.8,343,279,309,232.5,358,87,266.7,201,294,207,186,219,184.8403795,183,217.3,102,155.8,167.4,166.8,201,189,243,100.3,246,152,358.9,204.3,461,282,132
2005,12,237.4,206.6,238.6,216.5,420,595,131,322.7,231.5,55,172.2,181,172,80,109,93.3,105.6,115,83.7,24.2,73.8,130,60.4,43,59,263,193.7,243.6,176,335,250.4,258,355,141.4
2006,1,169,107.3,259.2,142.4,213,347,163,77.1,89.6,33,93.5,252,119,100,95,71.2,98.2,122,55.5,47.8,0.6,70.9,51.1,79,143,389,114.2,154.4,163,229.6,122.1,187,128,148.2
2006,2,188.3,31.3,150.4,165.5,134,279,358,138.5,152.2,30,104,106,59,45,104,29.4,12.7,55,37.9,5.3,52,48.7,25.7,68,38,173,43.7,192,78,263.7,100.2,214,243.1,58.3
2006,3,178,121.6,227.2,219,449,436,213,419.2,371.3,137,364.5,118,144,109,154.0710481,185.4,164,224,124.5,51.8,172.1,157.1,88.9,91,89,384,106.8,252.4,133,354.4,183.7,249,291,131.2
2006,4,234.8,303.6,225.2,227.5,392,246,350,308.4,281.9,264,329.5,192,324,187,137,185.4,167.9,247,214.2,46.5,304.1,398.1,266.7,206,247,392,412,331,251,364.6,361.5,358,326,282.8
2006,5,42.9,35.9,23.3,144.7,182,52,214,53.9,121.5,149,212.6,162,198,158,183,258,160.7,196,221.5,250.8,102,142,311.1,237,190,101,133.4,82.3,79,172.1,134.4,133,44,99.7
2006,6,61.5,45.2,88.5,117.8,81,88,98,65.4,124.6,58,157.9,119,25,100,52,70.7,83,101,40.4,31.3,45.2,83.4,105.9,109,91,130,70.16905863,75,86.5,131.1,182.9,239,177,49.5
2006,7,41.5,34.8,32.5,69.8,44,46,34,108.5,86.8,12,56.3,42,25,39,20,46.7,47.3,47,11.4,6.5,3,12.6,1.5,11,7,49,35.4,53.4,46,60.9,91.6,99,6,49.1
2006,8,1.7,10.7,2.6,38.1,10,2,48,17.3,16.5,21,27,27,24,1,32,5,10.18065398,20,34.1,79.5,17.1,51.2,81.9,136,94,13,12,48.2,20,53.4,13,30,25,15
2006,9,26,180.5,56.5,41.3,21,51,58,65.2,43.6,87,50.4,155,64,89,143,146.4,127.3635408,160,101.7,138.6,106.9,91.8,60.6,95,196,54,65.1,66,151,47.9,47.7,120,103,85.1
2006,10,143.5,137.6,108.1,382.7,229,294,207.5041028,342.1,289.8,97,279.1,170,161,83,62,63.3,98.8,166,71.4,122.4667387,61.1,119.4,153.4,161,145,319,193.7200582,313,151,267.2,223.1,279,396,117.2
2006,11,244.6,246.2,462.2,214.6,348,454,213,321.6,370.9,192,315.2,373,286,184,262,141.1,132.9,179,218.8,113.4,223.4,273.2,347.3,141,216,351,468.4,437.7,232,481.1,418.9,383,548,162.9
2006,12,215.7,183,185.9,326.8,264,221,114,214.1,301.4,130,349.6,0,354,155,208,172.5,202.8,295,257.2,143.6,56.3,195.4,80.4,108,101,218,301.8,213.2,230,248.5,347.5,198,378,354.4
2007,1,51.6,80.7,156.4,143.2,305,66,24,31.5,101.8,143,93.6,113.9366587,54,120,103,109.7,117.5,162,108.7,138,120.7,114.8,149.8798837,194,251,91,119.5,84.2,106,113.6,119.1,158,333,57.8
2007,2,1.2,35.5,39.2,107.7,41,12,50,34.6,21.1,0,26.7,17.2874805,7,5,0,6.8,28.3,6,1.6,0,7.3,4.2,52.3,0,19,122,84,24,13,71.6,20.8,17,43,38.6
2007,3,126.9,175.2,175.1,236.3,303,284,192,185.4,213.2,185,263,200.2623096,229,118,182,254,162,168.5,281.5,214.8,231.1,222.3,221.2,185,145,351,102.8,377.5,178,316.4,269,340,191,139.8
2007,4,86.4,291.9,229.6,268.4,319,492,174,318.8,263.9,378,322.3,350.8065864,176,335,408,412.7,317.6,411,269.7,144.7,185.7,349,364.3,323,170,374,419.9,418,341,376.1,389.7,552,547,461.3
2007,5,80.8,197.1,138.4,310.1,313,190,143,294.7,269.4,192,329.2,290.6681855,279,424,246,266.1,188.1,397,272.5,294.7,259.1,355.2,343.2,105,270,227,193.4,174,180,309.3,226.2,376,236,251.9
2007,6,27.7,76.4,21.6,35.4,39,12,67,18.1,33.5,37,34.5,99.98990274,25,146,81,73.6,47.2,104,128.6,57,16,38.9,44.8,36,51,81,48.2,29,78,69.1,53.1,98,80,21.6
2007,7,66.9,110.7,74,18.7,96,93,30,89.1,105.9,93,143.4,119.8565663,120.1,47,145,167.7,181.6,77,159.5,111.3,100.9,103,31.5,48,65,189,88.9,108.5,120,97,142.6,200,135,144.3
2007,8,28,35.9,68.6,126.8,45,116,57,29.9,91.9,46,32.7,77.49178212,7,68,19,19.2,24.5,56,25.3,66.5,73.6,70,136.1,144,42,114,53.6,78.6,60,94.8,28.1,122,30,26.4
2007,9,0,40.5,6.2,32.2,62,25,43,0.8,19.1,97,0.5,63.51339896,3,0,31,24.7,4.9,56,28.1,33.5,34.2,47.9,186.7,103,64,7,0,40.3,22,23.2,11.6,60,0,7.6
2007,10,271.3,307.5,287.3,441.1,655,557,235,236.3,540.6,164,366.1,295.5471939,353.3,131,239,213.8,265.8,284,174.8,257.6,252.7,201.5,323.4,422,282,498,230.9,475.5,375,510.1,374.4,373,474,237.8
2007,11,294.7,146.5,162.5,145.6,155,293,181,211.5240557,290.4,71,349.2,133,161,247,163,155.6,163.7,150,166.1,60.5,77.6,173.4,57.6,198,79,284.4,197.7,409.3,193,368.3,261,292,346,258
2007,12,127.4,140.3,238.7,144.9,339,363,200,168.8,277.9,55,350.9,189,50,57,131.2911533,51.2,218.4,121,71,39.5,117.5,123.5,189.5,54,23,472,274.5,126,162,401.4,227.1,336,276,144.8
2008,1,59.4,217.3,146.3,156.5,162,272,99,150.5,197.2,88.9,175.5,63,58,42,149,70.2,51.4,157,152.2,96.8,61.9,70.7,105.5,113.1,116,312,163.4,182.6,239,260.9,93,173,100,81.3
2008,2,144.7,148.1,190.8,250.8,476,287,164,180.5,217.1,46,390.4,174,134,21,85,109.8,36.5,82,111.9,172.5,109.2,128.7,103.9,172,159,299,117.1,225.5,141,367,111,336,250,92.3
2008,3,126.5,170,204.5,273.1,263,265,197,172.6,370.8,148,182.9,217,82,65,151,166.6,122.9,148,70.5,29,37.9,116.3,73,83,31,306,150.9,293.5,61,348.6,186.2,308,286,73.8
2008,4,356.3,258.6,459.2,213.1,254,234,109,278.5,203.6,113,318.1,200,407,170,164,134.1,249.2,229,101.5,324.8,187.1,185.6,142.3,174,182,453,224.3,497.8,177,293.6,214.9,242,373,174.1
2008,5,123.2,270.5,236.9,337.3,277,330,182,204.5,327.5,206,269.4,423,528,201,302,293.1,290,219.9,193,280.6,415.9,372.3,382.1,418.7,305,390,232.1,359.6,300,259,404.4,343,350,310.1
2008,6,13,99.7,13.9,100.9,69,146,125,55.5,93,35,116.2,179,130,53,172,126.4,53.7,90,150,76.9,113.8,90.4,48.8,97,34,232,51.4,50.6,81,109.3,101.1,111,99,27
2008,7,33.2,90.2,17.8,98,42,55,72,27.8,140.2,81,77.6,63,96,133,53,169.1,58.7,80,83,67.9,133.5,72.2,117.8,59,164,182,163,68.7,95,157.8,148.1,139,160,0
2008,8,73.9,214.2,98.5,200.2,321,174,277,183.4,95.8,168,114.1,427,266,277,236,181.5,180.8,195,167,183.8,316.4,216.4,216,228,203,222,189.1,123.5,201,244.3,181.4,436,245,110.8
2008,9,89.2,163.6,86,79.7,182,118,78,131.5,202.3,137,209.2,248,500,165,198,181.7,138.4,92,174,135.2,200.7,137.6,162.9,72,97,130,266.4,139.3,236,197.1,172.4,223,152,180.7
2008,10,314.7,274.9,338.7,314.3,428,443,241,259.5,167.3,89,210.8,191,421,187,214.7225306,139.1,141.9,172,155,90.2,233.9,216,161.5,143,105,451,241.2,297.7,188,398.5,199.8,305,361,142.1
2008,11,359,234.2,465.1,400.0359847,605,760.4,479,581.1,513.9,119,540.2,392,375,254,164,123.7,123.2,357,114,104.5,250.6,315.8,94,339.157087,126,464,361.8,578.6,267,431.9,234.4,446,470.5568894,180.5
2008,12,297,54.2,183.2,98.47023546,273,136,111,129.6,143.1,89,120.1,194,146,36,61,21.9,25.2,79,31,34,179.2,76.4,8.7,35,19,305,96.4,109.3,26,238,38.8,281,158.8,110.2
2009,1,199.2,136.8,243.9,258,258,278,100,173.3,176.6,113,282.6,320,320,200,120,171.3,146.7,257,138,111.7,161.3,230.1,142.7,145,98,330,297.8,257.7,197,228.5,213.4,589.1,461,182.9
2009,2,99.2,235.3,112.6,116.2328105,202,263,77,198.1,97.2,121,108.8,169,84,166,36,79,128.8,74,55,47.5,59.5,120.4,9.8,88,24,411,63.7,102.6,149,232.6,89.2,326.6,245,76
2009,3,172.2,422.2,240.4,340.2858716,505,496,264,319.9,406.4,251,447,375,409,274,202,168.3,312.3,240,155,152.7,176.8,219.9,101.7,152,129,395,345.1,288.6,359,436.7,298.8,522,391,330.9
2009,4,107.3,58.8,107.7,195.7668834,261,291,216,109.8,125.2,23,176.3,267,337,94,217,106.2,185.5,75,122,146.4,111.5,173.9,190.4,229,104,344,62.3,252.6,179,277.2,187.4,302.6,238,69.7
2009,5,94.1,37.4,44.8,199.1296538,199,209,92,59.1,270.3,77,181.6,165,88,10,118,96,91.7,207,113,160.2,91.4,160.1,190.6,185.6132183,236,207,129.1,135.4,34,84.3,93.9,194,120,15.9
2009,6,16.1,40.2,28.8,136.6600788,35,69,87,77.6,121,80,47.9,134,56,50,49.3,62.8,69.5,90,53,174.5,85.1,112.8,181.4,176,215,98,81,81.4,76,47.3,68.9,115.0455219,23,99
2009,7,4.4,11.6,11.4,21.66323709,38,26,19,11.4,11.4,1,55.4,20,0,0,12,2.6,1.4,7,8,1.9,18,36.1,20,0,10,24,0.5,36.6,8,14.2,2.5,58,6,0
2009,8,91.1,72.5,103.6,42,40,70,43,105.8,34.6,41,29.1,149,62,64,79,35.5,68.7,38,37,30.5,66.7,108.6,52,105,9,63,30.4,175.2,81,77.3,23.4,174,60,19
2009,9,52.2,118.3,68.9,102,87,25,72,77.5,90.9,70,61,44,91,88,111,149.1,84.5,82,130,83.5,66.3,45.7,90.1,63,95,68,38.6,53.4,96,21.3,41.2,63,40,88
2009,10,22.3,69.5,138.7,178,226,340,124,134,204.8,36,140.7,116,77,144,92,34,85.8,124,55,82,126.8,105.1,147.8,188,87,292,87.7,186.2,82,511,96.3,165,159,142
2009,11,29.3,244.9,165.3,209,232,179,139,293.7,202.1,139,240.5,295,91,85,166,67.5,122.3,105,68,239.3,108.7,152.8,314.6,206,198,219,173.1,198.1018391,95,186.5,99.8,230,255,168
2009,12,24.8,202.2,31,194,140,131,40,72.3,180,106,142.2,163,138,252,101,195.5,198.5,152,153,96.9,104.2,95.7,94.7,82,212,224,213.2,181.8,165,251.3,91,282,166,173
2010,1,0,59.7,50.9,133,26,57.51519922,23,114.6,56.54071189,48,92.9,51,58,101,59,45.13400478,65.7,117,54,35.5,23.2111768,47.3,1.8,3,44,63,62.1,60.3,27,50.20511816,37.2,59,39,14
2010,2,40.1,110.9,116.6,119,103,132,49,95,119.723351,51,124,97,46,35,102,77.58984725,50.6,106.1473642,124,21.2,70.1336633,95,76.3,69,10,163,39.9,231.6,118,177.935903,77.5,113,155,60
2010,3,84,30.9,89.4,114,105,142,84,96.4,94.56060777,36,45.6,189,126,57,54,93.46947645,144.7,158,79,110.4,88.30221652,47.6,123.5,133,25,277,156.0843314,141,81,234.7544143,195.5,280,260,125
2010,4,387,437.2,356.5,421,519,264,226,483.1,476.7128088,446,513.9,313,550.6505314,573,521,421.4697752,434.3,375,600,315.2,293.7616252,234.2,258.1,256,172,481,439.6353689,494.5,378,481.8353489,544.9,477,717,473
2010,5,266,227.9,295.7,381,242,481,161,379.4,298.4108288,226,356.5,286,281,295,264,239.8841129,257,163.5,215,149,181.9767101,163.2,122.2,194.6165824,109,283,116.2,251.6,209,201.7049425,283.1,243,319,224
2010,6,96,41.6,110.2,118,118,188,183,84.9,144.886027,87,133.2,173,158,164,66,137.5639619,144.2,144.7343594,146,136.9,159.5586677,120.2,104,101.8786661,274,203,118.7,60.5,62,133.4659955,171.7,313,79,113
2010,7,83,181.2,175.8,218,189,235,99,267.6,228.1527792,103,280.4,340,181,194,372,168.7257828,164.5,155.1976205,202,113.5,243.6914026,214.2,235.4,164.142081,193,222,192.0752413,195.3,189,210.5365577,338.8,340,397,111
2010,8,10,15,10.7,74,46,57,79,1.3,76.05785764,77,80.1,90,98,52,60,46.20612265,66.9,71.99103041,26,23.8,51.26827791,37.1,156,97.84630758,27,70,5.1,84.8,24,49.16767649,63.5,75,46,43
2010,9,96,93.1,96,119,135,221,122,159.5,129.8664948,173,91.1,350,131,84,94,120.1870329,132.8,201,101,100.1096007,134.8398091,231.6,80.3,131.6458748,58,206,200.7,240.1,162,208.6161789,163.3328221,317,273,121.9323301
2010,10,307,61.4,274.6,173,324,353,201,168.8,253.6848794,39,295.5,206,126,149,48,126.0615504,79.6,222,36,55.6,145.2973161,175.9,148.4,248,104,177,128.6,251.1,114,339.0139026,173.8318959,214,282,137.9412863
2010,11,416,247.7,289.3,412,597,665,302,229.2,412.0369786,124,394,329,295,275,166,157.1678867,142.8,169,116,99.2,169.3759155,222.7,156.9,224,162,520,304.1,512,157,545.239728,269.5,362,345,212.0423155
2010,12,286,83.9,148,358,298,338,236,235.5,208.4598926,72,158.6,149,127,43,91,116.6542999,71.1,82,107,54.8,138.4781689,287.5,86,138,159,461,204.4,228.3,101,298.6950475,101.9,352,398,134.2026009
2011,1,47,105.1738917,98.5,0,72,139,31,128.6,162.3,103,155,118,216,243,124,56.06720701,40.5,30,30.4,39.1,21.5,95.5,69.9,36,141,139,134.6,83.5,150,135.3,95.4,263,102,94
2011,2,79,117.5,147.2,252,287,409,309,187.3,224.8,100,118,149,164,123,62,128.0342239,251.3,193,84.1,46.3,47.1,156.9,194.5,178,39,313,284.3,367,131,386,217.2,337,411,88
2011,3,164,99.4,113,70.6,480,392,222,188.1,150.2,140.2852912,166,247,337,146,239,168.8935551,257.4,177,124.4,94.3,229.3,310.1,81.6,211,116,234,196.4,248.3,107,245.3,251,339,278,162
2011,4,471,374.6078907,544.6,88,776,691,500,574.8,570.7,157,490.8,595,914,424,403,324.1442629,424.4,322.9261536,262.6,222.6,335,276.7,169.4,247,135,558,533.6,460.3,453,646,666.8,536,659,400
2011,5,76,98.1,88.1,38.4,247,267,213,187.4,214.6,51,253,220,439,118,139,165.6695071,88.6,152,234.3,223.2,219.2,170.3,211.5,188,296,270,186,95.9,53,237.4,84.3,273,211,215
2011,6,48,150.7,77.4,129.5774094,160,238,102,122.8,248.2,52,233.9,146,178,56,117,108.7285979,152.9,103,134,75.9,60.1,80.1,59,100,0,368,229.7,127.3,53,150.2,95,216,223,167
2011,7,22,19.2,27.3,100.2981722,134,147,125,18.7,103.9,39,86.7,67,22,117,15,44.22179628,45.3,111,28.6,36.7,29,84.3,134.7,143,100,86,38.5,81.7,46,96.01874091,55.8,102,135,36.03690961
2011,8,4,33.6,6.5,75.41649574,36,55,66,25.4,21.8,32,51.9,56,118,126,13,51.27266108,81.6,40,20.2,123.5,28.5,59.1,125.5,161,62,63,27.8,72.8,88,13.1,22.7,82,70,46
2011,9,68,91,45.3,81.5990334,44,27,70,65.8,88,59,112.9,190,81,135,34,76.55006936,169.9,49,71.1,159,50.8,81.4,77.7,215,60,85,65,66.9,72,67.2,107.7,181,78,74
2011,10,248,107.4,213.6,294.5285711,379,409,280,139.1,208,95,302.6,200,505,167,180,196.0977944,83.4,135,176.3,242.9,158.6,133.3,187.6,224.4540054,222,446,120.2,220.5,215,317.3,178.7,307,336,103
2011,11,606,211.5,429.8,385.4754774,591,649,313,508.8,449.8,140,532.8,373,365,321,174,199.2169557,212.3,296,170.8,83.3,215.9,308.1,142.4,159,116,620,300.1,543.8,143,500.4,355.5044206,349,669,307
2011,12,156,276.7070381,328.4,263.6507861,596,406,242,428.1,478.7,61,559.8,234,235,101,111,139.0615004,307.3,236,86.5,119.6,111.3,140.5,84,259,39,343.6,252.1,331.7,244,407.6,399.1,451,440,265
2012,1,142,160.3490069,121.5,223,405,440,85,245.2,249.4,105,207.3,177,177,97,104,89.84048046,102.2,144,63.6,63,96.8,182.5,106.8,199,52,367,137.6,146.3,128.1041925,279.3,141.2,351,180.3860526,184
2012,2,5,109.8,36.3,57,160,150,96,140.5,163.7,87,165.2,224,285,53,125,105.926513,59.7,71,135.6,253.6,119.2,84.4,169.3,115,166,162.4390187,144.5,104.8,133.0307457,163.9,229.7,192,157.7225243,160
2012,3,127,216.1,265.4,90,198,260,125,358,203.5,69,250.6,322,392,167,197,165.5785518,117.3,119,215.4,86,106.3,119.6,129.5,125,134,213,151.3,153.6,179.2957027,173.2,246.8,142,211.0889989,136
2012,4,226,256.9,203.9,186,462,437,273,358.3,312.5,201,423.7,323,336,364,255,258.8084846,307.2,189,223.9,314.1,181.9,303.8,233.5,184,229,430,171.3,333.1,260.0043885,351.2,378.6,397,337.3255686,245
2012,5,14,20,6.8,114.6884966,111,126,142,49.3,103.8,41,46,168,25,98,39,73.83220248,16.1,54,48.3,120.2,156.5678399,153.2,252.9,155,231,80,42.09756602,51.7,47.62122924,64.1,29.8,170,81.97992073,0
2012,6,1,0,7.2,49.18817633,22,30,49,27.6,17.4,5,15.5,10,32,0,24,39.210258,13.8,14,29.7,30.39450953,27.0504004,18.1,13.7,35,60,40.67146056,20.18590801,52.1,28.10450797,46.4,37.5,86,17.95359692,22
2012,7,3,24.5,0,56.04713616,48,38,49,27.6,55.29429436,10,25.5,8,16,62,19,35.11666624,26.02848728,13,23.3,67.5,32.36422136,32.6,30.1,33,75,39.20895045,14.85111306,29.97781593,26.35408852,36.82905204,12.2,120,8.009485536,14
2012,8,7,17.1,0,5,72,25,80,36,37.12123435,16,32.5,61,32,0,75,37.42497328,8.7,21.1,48.7,69.5,48.12431999,72.4,172.3,171,49,30.56375967,15.86283683,22.99510237,27.22601918,17.81464168,81.5,59,15.18752222,16
2012,9,5,28,13.2,47.74576309,41,49,46,31.2,36.74743665,27,57,12,16,14,37,43.48729381,27.8,15,15.8,33.7,42.70641873,55.4,51.18507498,78,57,40.49836195,30.36974966,35.18254196,30.79185678,31.64582068,28.5,82,36.46547397,11
2012,10,268,171.9,190.4,310.5468466,201,286,148,272.4,306.7777758,194,588,354,155,476,310,241.3006991,203.2,195.1,156.5,244.2,205.9758742,253.9,120.7,274,119,310.4307746,263.5807802,301.7905485,243.8735867,301.8343017,241.8,368,378.8854006,280.2
2012,11,340,113.9,276.9,246,300,322,180,163.3,198.8557789,35,271,126,131.9781307,126,110,96.03986082,93.9,127,63,39.5,70.37014275,92.3,102.0279256,161,47,238.0276085,226.9560226,266.7544345,137.9882252,218.3328204,116.4,374,316.8262508,118.1
2012,12,249,144.2,180.2655129,108,249,230,126,203.3,138.1653051,50,185,222,120,17,42,64.77270105,51.5,9,58.1,22.7,60.12175552,173.2,45.55827442,59,0,244.8264608,153.854942,185.7830047,109.9569999,206.7381718,158.1,168,125,109
2013,1,64,48.5,103.1,85,223,108,142,95,87.2196631,24,132,144,35,55,45,32.75275802,20.4555894,44,30.6,21.1,43.6,49.3,19.1,47,25,340,63.6,34.7,13,100.1,92.3,132,26,34
2013,2,123,174.3,134.4787354,347,308,339,132,175.7,212.8670668,76,347,236,66,226,230,144.5447653,166.4992668,182.1681149,129,77.5,133.1852511,118.5,76.1,214,180,300,143.7,405.5,124,187.9,191.9,162,15,118
2013,3,28,112.4,107.1373375,108,231.3901679,189.5,101,189.7685163,185.2320739,74,357,184,206,96,187,142.3792083,168.6899923,117.1036545,218.5,105,128.8715902,121.4,99.9,51,88,225,204.8,163.6,129,79.9,257,314,51,117
2013,4,118,96.8,136.5416751,476.5,235,76,126,96.4,193.0947186,154,240,256,384,90,233,150.8680607,103.9,135,141.2,162.1,127.6866062,195.7,120.8,259,210,186,176.8,213.5,142,197.6710469,268.9,365,21,157
2013,5,231,268.2554311,142.5,63,233,256,250,438.9,287.9666924,158,519,474,621,252,312.2045553,269.0486387,320,201,204.9,247.5,272.6915813,319.8,230.9,259,244,457,171.6,229.7,199,288.2769993,283.4,488,276,232
2013,6,81,43.14994723,96.4,70,43,64,64,31.5,97.16013086,69,95,158,78,186,52,88.22071654,103.1,84.46551582,45.9,20.8,64.61800022,87,232.8,114,63,75.71675793,2.7,26.3,83,52.08175594,47,104,32,66
2013,7,19,26.1652592,5.1,32,24,51,31,16.5,34.70722137,27,54,49,88,27,60,39.02708917,84.5,34.43381598,16.7,34.5,35.92404171,72.7,61,23,48,78,33.9,45.3,47,44.78531303,9.2,13,2.693864321,23
2013,8,13,61.86077973,64.9,94.65276537,126,84.91163267,113,126.5,100.3931456,34,119,75,18,92,48.06364148,52.98140149,55.8,67.7385061,87.1,59.3,77.56012476,92.8,113,23,50,108.1325521,45.96479441,98.5,40,89.86118315,39.97049363,114.7090117,69.55065742,44.00956542
2013,9,35,62.86863851,71.2,79.58362395,53.05042872,66.33101539,64.84788839,58.31226922,61.00482489,71,68.87599145,102.7295341,64.888452,76.23055123,68.6505762,78.10861199,67.4,68.16992973,26.6,77.3,85.42191223,99.2,167.1563752,145.6937865,157.4037573,80.01444395,51.45149134,79.6,63.92932838,65.80766235,61.47710216,93.01091519,54.4417774,51.61539148
2013,10,116,147.6618764,135,159.5479352,145.3677615,151.9123775,116.5463582,147.8016019,136.6983167,72,154.6392393,105.9707859,130.7204683,143.735779,79.25196011,104.0029805,164.6,125.3167634,68,53.5,59.73470776,40.8,137.8477673,168.6831751,108.1794999,250.227548,153.2089356,238.2,132.7341008,216.0179303,138.4756584,177.9226114,177.4115891,131.0922418
2013,11,254,211.2179378,238.1,242.4977258,338.8540078,371.2931955,239.9671883,291.819558,238.700954,106,264.4835265,279.6195923,262.5428516,178.8267893,209.3317785,154.9951026,229.5,183.6701951,87.7,21,157.5673425,232,136.7019451,201.4439739,143.2202746,306.4473435,305.3933581,396.7,228.0902428,251.965227,302.0583674,267.3725505,382.1531082,234.075183
2013,12,169,162.5466794,256.5,170.2798522,182.3376221,208.2177946,146.400304,178.687861,156.448677,95,178.0808455,227.6700357,230.7532886,142.1004201,187.443238,149.129688,136.9,140.6103485,126.4,105.4,131.267386,219.9,105.0518122,136.1002266,124.1354477,194.1591043,222.9896101,261.8,168.0057267,170.5743761,237.9226524,268.0213859,291.663331,190.2633582
